coord_x,coord_y,value,water_saturation,confidence
1,1,0.6129712450189595,0.0,0.5
1,2,0.2973880251291533,0.0,0.4
1,3,0.5459272629999241,0.2,0.2
1,4,0.4731202382153756,0.0,0.2
1,5,0.8105782652660023,0.0,0.0
1,6,0.4743813391380409,0.6,0.8
1,7,1.6864309937781965,0.9,0.5
1,8,1.9310763260722934,0.0,0.6
1,9,2.003405348990083,0.1,0.6
1,10,1.8104022314190715,0.2,0.7
1,11,1.3855770205160218,0.6,0.7
1,12,3.3035948558719563,0.8,0.0
1,13,3.9475572292927197,0.2,0.0
1,14,2.350965390260513,0.3,0.6
1,15,15.224786090918153,0.6,0.8
1,16,7.363402561904341,0.2,0.1
1,17,3.1774841356783234,0.5,0.3
1,18,8.233513235904772,0.2,0.9
1,19,5.635710048317795,0.7,0.8
1,20,37.674620864769174,0.7,0.8
1,21,3.0669558642174954,0.7,0.7
1,22,5.5147200268364704,0.9,0.1
1,23,2.82066007295753,0.9,0.1
1,24,11.978318266654234,0.0,0.9
1,25,8.859847795678652,0.1,0.6
1,26,6.97696117414687,0.0,0.3
1,27,8.349468587906248,0.0,0.2
1,28,3.021652263291462,0.3,0.2
1,29,3.1942636616632347,0.9,0.5
1,30,8.315115238715038,0.1,0.8
1,31,3.304819033726039,0.3,0.2
1,32,14.899448988465558,0.6,0.2
1,33,6.742064575490869,0.1,0.0
1,34,52.58139869946854,0.3,0.0
1,35,3.9851737472821833,0.9,0.2
1,36,7.096970634165569,0.4,0.6
1,37,4.568393176116997,0.8,0.5
1,38,5.88668387969564,0.5,0.6
1,39,7.305597818948027,0.9,0.5
1,40,8.823483543249084,0.5,0.9
1,41,3.3033782226176416,0.1,0.9
1,42,7.141355610326027,0.7,0.6
1,43,81.94216940385307,0.2,0.5
1,44,39.81203970278976,0.8,0.3
1,45,14.02016861685021,0.4,0.7
1,46,12.736950148468019,0.2,0.0
1,47,28.948206850754122,0.3,0.2
1,48,12.2292951035379,0.0,0.0
1,49,20.20149711728007,0.7,0.6
1,50,98.30318959199789,0.9,0.3
1,51,6.821399665385135,0.6,0.2
1,52,13.65272352909088,0.0,0.5
1,53,16.5867063876119,0.2,0.6
1,54,14.465019148793823,0.8,0.5
1,55,18.795434974960436,0.1,0.6
1,56,11.084839007600394,0.3,0.1
1,57,13.954786083511861,0.3,0.9
1,58,18.634464308027436,0.3,0.9
1,59,14.52110659521643,0.1,0.0
1,60,92.48785975258788,0.0,0.4
1,61,9.628991569007225,0.4,0.6
1,62,19.969037178712934,0.0,0.9
1,63,25.234846733996054,0.6,0.2
1,64,8.575443521127188,0.1,0.0
1,65,36.510166319962366,0.7,0.9
1,66,92.80385816991387,0.0,0.7
1,67,24.071724580375914,0.9,0.3
1,68,21.348357581077728,0.2,0.4
1,69,63.260501460894965,0.9,0.8
1,70,11.867589631378582,0.4,0.5
1,71,5.1508503081302965,0.4,0.6
1,72,72.17378783987867,0.0,0.6
1,73,11.672465406326083,0.9,0.6
1,74,9.621050375673537,0.6,0.3
1,75,10.97625210605278,0.7,0.2
1,76,11.507829576161429,0.3,0.9
1,77,18.844223004068564,0.1,0.0
1,78,37.59204119218095,0.1,0.6
1,79,57.198558035537566,0.8,0.8
1,80,42.481191404287316,0.9,0.2
1,81,48.51115741923722,0.1,0.1
1,82,23.209412624587447,0.1,0.1
1,83,7.382080719301072,0.1,0.7
1,84,20.064614429270673,0.0,0.1
1,85,28.151848370340833,0.7,0.1
1,86,66.03759958009461,0.6,0.5
1,87,16.83392015451795,0.7,0.3
1,88,15.90781935477686,0.3,0.9
1,89,85.41704404428431,0.4,0.5
1,90,15.615489365857753,0.4,0.5
1,91,12.498340481736042,0.7,0.9
1,92,35.671038677178565,0.3,0.9
1,93,25.186103130611297,0.0,0.3
1,94,56.50534773985032,0.1,0.8
1,95,8.41175672922112,0.2,0.7
1,96,51.19549700927633,0.2,0.5
1,97,8.816218316402297,0.4,0.4
1,98,20.013409170205595,0.3,0.4
1,99,7.357987297250737,0.4,0.6
1,100,45.76648100575176,0.2,0.0
2,100,10.009390761261749,0.0,0.5
2,1,0.1231289855023074,0.5,0.4
2,2,0.6852362176161144,0.1,0.1
2,3,0.7717618678660217,0.3,0.8
2,4,0.6144471657287938,0.0,0.9
2,5,0.921492539009072,0.6,0.6
2,6,0.9090178894191402,0.7,0.2
2,7,1.0701419488581665,0.2,0.8
2,8,3.1331877594057893,0.5,0.6
2,9,3.0416372788784565,0.0,0.6
2,10,2.1558115198480294,0.7,0.2
2,11,24.1137668391389,0.9,0.2
2,12,12.549942897260914,0.7,0.7
2,13,5.634010069786317,0.9,0.6
2,14,5.916546641215929,0.6,0.8
2,15,1.769624739918553,0.9,0.4
2,16,2.9382116367223134,0.3,0.3
2,17,2.5242733430141553,0.9,0.4
2,18,4.611225198178648,0.5,0.6
2,19,15.890716476676763,0.1,0.9
2,20,6.110012213658298,0.5,0.3
2,21,14.929209030302518,0.7,0.0
2,22,4.442526932331031,0.4,0.4
2,23,5.882057315798665,0.1,0.1
2,24,7.338881907366408,0.0,0.4
2,25,12.790804724771977,0.7,0.0
2,26,6.19497651606104,0.1,0.9
2,27,9.182639410736224,0.7,0.1
2,28,65.21603620349191,0.4,0.3
2,29,26.3692835805259,0.2,0.9
2,30,9.250683428140022,0.3,0.6
2,31,12.154591958285272,0.8,0.0
2,32,4.513021232671777,0.4,0.3
2,33,112.31632597823084,0.7,0.6
2,34,4.427538031554771,0.6,0.5
2,35,6.238776038853805,0.4,0.8
2,36,5.033110886296797,0.3,0.7
2,37,7.685733554759155,0.0,0.0
2,38,64.93127371795256,0.0,0.3
2,39,21.94839753419653,0.9,0.5
2,40,26.48305921027999,0.7,0.4
2,41,21.47822508281919,0.0,0.8
2,42,8.332140604346394,0.2,0.1
2,43,3.3700159508446874,0.2,0.1
2,44,15.887659475134946,0.6,0.1
2,45,18.62033722738695,0.7,0.6
2,46,10.781271683758156,0.8,0.5
2,47,48.09417449463601,0.0,0.7
2,48,31.18681194467375,0.9,0.0
2,49,3.129050846441958,0.1,0.6
2,50,7.562747044342542,0.6,0.7
2,51,12.742438031570057,0.3,0.1
2,52,60.39698988810464,0.9,0.8
2,53,8.685189309455778,0.8,0.8
2,54,29.03627244684047,0.9,0.6
2,55,7.238034490261872,0.2,0.5
2,56,323.75547465750145,0.0,0.5
2,57,101.03395972087813,0.8,0.3
2,58,11.054955723607744,0.7,0.4
2,59,16.5787177648382,0.1,0.2
2,60,35.88375979449038,0.2,0.1
2,61,47.4164151802844,0.8,0.1
2,62,13.523897715100313,0.2,0.3
2,63,6.917861245203366,0.6,0.3
2,64,6.831563399595751,0.3,0.3
2,65,14.918718421528185,0.3,0.6
2,66,56.283145193539895,0.6,0.3
2,67,13.912388037892901,0.6,0.0
2,68,21.668990978433172,0.6,0.5
2,69,37.47573753391784,0.9,0.7
2,70,11.522209162726607,0.4,0.0
2,71,21.042048420626525,0.7,0.0
2,72,38.9167146535251,0.2,0.7
2,73,13.728185227101404,0.3,0.3
2,74,21.495030552707753,0.7,0.6
2,75,35.392174901398185,0.1,0.5
2,76,15.299572067432742,0.0,0.4
2,77,17.873655640597907,0.1,0.0
2,78,31.043814713893656,0.5,0.5
2,79,34.58923122576063,0.9,0.2
2,80,9.346935724115415,0.5,0.3
2,81,42.5051091049586,0.8,0.3
2,82,30.22330812254192,0.0,0.1
2,83,20.427026917691883,0.9,0.5
2,84,11.734571390841483,0.4,0.4
2,85,41.592597456503555,0.3,0.0
2,86,8.335370592923464,0.2,0.8
2,87,106.94114250649187,0.2,0.7
2,88,11.62949869063249,0.0,0.1
2,89,17.536508532328988,0.0,0.6
2,90,9.697038023306932,0.3,0.2
2,91,36.811110629213154,0.1,0.2
2,92,19.47492731576937,0.9,0.7
2,93,12.042334183462122,0.2,0.0
2,94,164.76754577598211,0.7,0.6
2,95,14.811674289063767,0.6,0.4
2,96,17.74622982345301,0.0,0.4
2,97,25.834340905535296,0.3,0.1
2,98,16.362915468547186,0.4,0.5
2,99,13.696913729053362,0.9,0.5
3,99,22.752136437621953,0.6,0.5
3,100,51.160859783478855,0.7,0.0
3,1,0.07047819142356863,0.5,0.4
3,2,0.3992499345505195,0.6,0.1
3,3,0.9890663600233172,0.9,0.2
3,4,1.855785388139421,0.7,0.1
3,5,0.5752244077142606,0.0,0.5
3,6,0.5794588770062925,0.5,0.5
3,7,1.097429006744367,0.4,0.7
3,8,0.9263008249681676,0.2,0.7
3,9,0.7269623599768329,0.9,0.6
3,10,10.415462951153195,0.0,0.0
3,11,1.561586024575207,0.0,0.8
3,12,7.272545048905268,0.0,0.1
3,13,6.8541175554436915,0.2,0.7
3,14,9.138745002289932,0.8,0.1
3,15,8.503019283428387,0.6,0.1
3,16,8.141849695511167,0.0,0.8
3,17,13.991932209353571,0.8,0.4
3,18,15.099255623090583,0.9,0.9
3,19,4.445931818865659,0.5,0.0
3,20,79.67691773637046,0.6,0.8
3,21,22.548982428702697,0.9,0.1
3,22,4.473542548670779,0.5,0.5
3,23,3.0890984312685568,0.6,0.9
3,24,5.51860697071745,0.8,0.7
3,25,13.487281167983031,0.2,0.6
3,26,7.911361200226679,0.3,0.3
3,27,11.892729136169725,0.2,0.3
3,28,10.800676126604454,0.0,0.6
3,29,3.634939042723205,0.4,0.4
3,30,64.61859941991285,0.0,0.8
3,31,9.283006963978732,0.3,0.5
3,32,23.201295208080904,0.3,0.0
3,33,25.09457838680486,0.2,0.0
3,34,132.6945803401243,0.0,0.5
3,35,25.679101971023307,0.6,0.2
3,36,21.472709096728703,0.8,0.7
3,37,3.2348704832423905,0.5,0.5
3,38,8.93489484330042,0.9,0.7
3,39,4.547267886744692,0.0,0.8
3,40,5.4119540749018995,0.8,0.8
3,41,19.259464591276963,0.7,0.3
3,42,36.91216674367933,0.9,0.0
3,43,40.603882008694605,0.1,0.8
3,44,10.171924023883495,0.3,0.9
3,45,40.81428723860838,0.3,0.7
3,46,11.002933603946603,0.1,0.5
3,47,31.131055452015154,0.9,0.1
3,48,24.66488748733261,0.2,0.2
3,49,14.48932534319742,0.2,0.7
3,50,17.948281032645276,0.6,0.7
3,51,44.6348707119421,0.1,0.6
3,52,9.109393828533669,0.2,0.9
3,53,17.568998988594117,0.9,0.1
3,54,38.529567069138224,0.8,0.0
3,55,29.67158125069287,0.9,0.8
3,56,25.4254865511487,0.7,0.2
3,57,62.65324144345279,0.2,0.2
3,58,21.736995716247492,0.8,0.9
3,59,15.280239292248364,0.1,0.9
3,60,59.80270737905235,0.5,0.2
3,61,35.79783894764794,0.2,0.1
3,62,21.82467552283637,0.9,0.4
3,63,7.490343026585816,0.3,0.2
3,64,12.335572269026386,0.6,0.7
3,65,23.79357936451427,0.6,0.4
3,66,38.80798627564073,0.2,0.1
3,67,60.26038750138959,0.2,0.6
3,68,33.362839482162315,0.9,0.5
3,69,37.658315534971855,0.5,0.9
3,70,7.823355368091095,0.9,0.5
3,71,10.832740452208697,0.8,0.5
3,72,17.12583537166372,0.9,0.7
3,73,37.94505144917852,0.9,0.6
3,74,40.379109479374144,0.3,0.0
3,75,16.22881037528356,0.3,0.2
3,76,13.113403495698584,0.5,0.3
3,77,13.868507404782555,0.3,0.0
3,78,42.80740713542384,0.5,0.2
3,79,156.78330658710235,0.6,0.4
3,80,35.35525033243479,0.5,0.0
3,81,74.04011206229912,0.5,0.7
3,82,17.57629033398574,0.6,0.5
3,83,11.302358526621548,0.6,0.5
3,84,28.850067257446256,0.7,0.8
3,85,15.533011878539694,0.5,0.1
3,86,63.85478937397885,0.9,0.7
3,87,27.69681229958195,0.1,0.6
3,88,27.585780329017908,0.9,0.8
3,89,5.139069593747012,0.4,0.8
3,90,8.282525706416198,0.5,0.2
3,91,51.18965606534209,0.1,0.7
3,92,53.79157143632746,0.1,0.8
3,93,18.34955805141567,0.6,0.4
3,94,22.045110918385447,0.7,0.7
3,95,36.516772477649624,0.8,0.4
3,96,20.833891334076146,0.9,0.6
3,97,11.32448279919144,0.8,0.3
3,98,46.07678754098719,0.4,0.2
4,98,25.69333231862975,0.8,0.8
4,99,39.369659784652235,0.6,0.0
4,100,45.63973401531747,0.8,0.0
4,1,0.19833769236407842,0.0,0.0
4,2,0.5702643768074989,0.2,0.8
4,3,1.2054587682495475,0.6,0.2
4,4,1.814753683197883,0.1,0.8
4,5,2.1428906499011524,0.4,0.2
4,6,1.1032094878201604,0.9,0.6
4,7,1.504627352290914,0.6,0.5
4,8,1.5419152966676473,0.4,0.4
4,9,2.6155987637097047,0.1,0.5
4,10,1.462122764644893,0.4,0.0
4,11,4.0214498723566185,0.4,0.2
4,12,6.758169407303716,0.4,0.4
4,13,6.8578193916403505,0.8,0.8
4,14,2.8458772487823096,0.4,0.9
4,15,3.747089979461313,0.8,0.5
4,16,1.9578578155065394,0.9,0.0
4,17,5.777653074761201,0.7,0.8
4,18,2.868379955128156,0.4,0.8
4,19,38.306978383952774,0.7,0.5
4,20,30.85089175119336,0.9,0.9
4,21,15.32156839733808,0.5,0.2
4,22,4.605704645533798,0.8,0.2
4,23,7.671329047026096,0.6,0.1
4,24,22.671866480502704,0.1,0.2
4,25,8.183858760216756,0.6,0.2
4,26,12.689210874384697,0.1,0.2
4,27,18.906541330538676,0.8,0.6
4,28,12.214141715179062,0.7,0.0
4,29,4.9897786348783235,0.6,0.7
4,30,7.486491256246862,0.4,0.5
4,31,3.9838778685212852,0.6,0.2
4,32,2.793098571737703,0.2,0.8
4,33,15.50601953261453,0.8,0.4
4,34,7.633084293068578,0.5,0.5
4,35,41.073898289181294,0.8,0.3
4,36,5.268979525429467,0.6,0.4
4,37,17.956030942346377,0.6,0.9
4,38,21.762436636141707,0.0,0.4
4,39,5.878248044108304,0.4,0.8
4,40,3.8107096890411354,0.1,0.4
4,41,26.660696002019225,0.9,0.0
4,42,18.16795173377053,0.0,0.6
4,43,6.465507493271224,0.5,0.2
4,44,13.839013750698726,0.5,0.5
4,45,28.735963808198413,0.7,0.1
4,46,79.48014218747096,0.9,0.4
4,47,66.14183097819881,0.9,0.5
4,48,30.444751016876317,0.6,0.8
4,49,42.71572892106195,0.3,0.0
4,50,6.646123288805692,0.7,0.1
4,51,25.117609953943575,0.0,0.4
4,52,62.16531563899125,0.1,0.2
4,53,9.281910218590555,0.0,0.8
4,54,4.6962525955469365,0.2,0.8
4,55,516.6600197098438,0.5,0.4
4,56,20.91109689745862,0.1,0.7
4,57,9.18122671016966,0.8,0.9
4,58,123.32781828932664,0.9,0.6
4,59,8.993821637125604,0.6,0.8
4,60,93.92459391657691,0.1,0.7
4,61,6.606083478605955,0.7,0.7
4,62,8.846331150690533,0.8,0.8
4,63,9.808444061292196,0.6,0.5
4,64,66.70182146563808,0.5,0.3
4,65,11.932929140642102,0.7,0.8
4,66,15.013571648428773,0.0,0.6
4,67,27.454625689879606,0.9,0.3
4,68,37.226802067234935,0.8,0.4
4,69,18.498776544169655,0.2,0.5
4,70,30.869744203936943,0.6,0.9
4,71,18.392805555196006,0.6,0.7
4,72,121.90950429895811,0.3,0.0
4,73,62.79052233331523,0.9,0.1
4,74,29.008417096287246,0.6,0.5
4,75,43.09635985230569,0.5,0.8
4,76,110.85324211376273,0.9,0.1
4,77,13.076494526577502,0.7,0.6
4,78,40.09327460543133,0.2,0.2
4,79,10.286521529818277,0.9,0.7
4,80,38.4620365523228,0.6,0.0
4,81,95.9931345327692,0.6,0.5
4,82,31.424875493583784,0.2,0.2
4,83,10.572982048161629,0.6,0.5
4,84,28.179054833410778,0.6,0.5
4,85,10.838521393539972,0.5,0.3
4,86,10.318409314567452,0.3,0.8
4,87,13.177627018281072,0.8,0.9
4,88,16.373184020835332,0.4,0.4
4,89,10.023509225445753,0.4,0.2
4,90,9.929897611262257,0.8,0.8
4,91,21.91900357912889,0.9,0.6
4,92,8.710050215358562,0.6,0.2
4,93,21.638017164027893,0.9,0.3
4,94,40.72715927226983,0.0,0.0
4,95,18.437490486114502,0.2,0.0
4,96,33.59689233832114,0.4,0.2
4,97,8.362315313411994,0.2,0.8
5,97,46.656467837005536,0.4,0.5
5,98,16.77460285309862,0.7,0.3
5,99,17.243996419008077,0.6,0.2
5,100,10.915089958436281,0.5,0.1
5,1,0.12901805179499584,0.4,0.7
5,2,0.13845678342016432,0.0,0.4
5,3,0.32550245147674506,0.6,0.8
5,4,0.3734512465206825,0.8,0.7
5,5,0.30507579043255845,0.5,0.2
5,6,0.7260325532354491,0.3,0.8
5,7,1.7743692385880354,0.8,0.4
5,8,1.2656419701274293,0.1,0.1
5,9,5.719907563806767,0.2,0.4
5,10,1.6222787952034414,0.3,0.8
5,11,1.1262031413250166,0.1,0.7
5,12,3.8197034429722665,0.8,0.6
5,13,3.3065164850229682,0.1,0.4
5,14,2.477382413092289,0.5,0.1
5,15,4.574034967263728,0.4,0.8
5,16,3.7225503665157875,0.2,0.7
5,17,8.77333834215393,0.0,0.6
5,18,12.783863127460506,0.0,0.5
5,19,71.15066002900046,0.9,0.9
5,20,37.11650900594439,0.6,0.6
5,21,13.52482663486491,0.0,0.8
5,22,2.931818847622311,0.6,0.4
5,23,26.281760144661636,0.8,0.1
5,24,12.434502735775324,0.5,0.6
5,25,25.935602671617943,0.8,0.1
5,26,3.9129464037395167,0.6,0.2
5,27,17.729876308977186,0.4,0.3
5,28,8.306744813149747,0.6,0.5
5,29,17.553408820883995,0.3,0.4
5,30,5.006012326032126,0.9,0.1
5,31,20.846830244745135,0.3,0.7
5,32,2.9573399174310837,0.4,0.5
5,33,38.31657453824478,0.6,0.4
5,34,5.5542681600728985,0.4,0.4
5,35,8.991105664002585,0.4,0.2
5,36,18.029919300010082,0.6,0.5
5,37,20.60654826888177,0.3,0.8
5,38,30.95418859508919,0.3,0.5
5,39,12.168160626964815,0.3,0.9
5,40,9.115884141660544,0.2,0.3
5,41,9.903452169740564,0.1,0.4
5,42,41.89570863596768,0.8,0.7
5,43,15.531374244185299,0.2,0.6
5,44,7.937365521168409,0.3,0.4
5,45,40.46879095552441,0.8,0.0
5,46,26.492290130500372,0.4,0.3
5,47,25.372153090769846,0.9,0.2
5,48,33.1510962210153,0.8,0.4
5,49,21.282400957441187,0.6,0.0
5,50,29.01754638867455,0.8,0.6
5,51,16.21135014483167,0.2,0.4
5,52,21.387152632689574,0.6,0.4
5,53,27.378093689953428,0.1,0.5
5,54,153.06490574393726,0.8,0.9
5,55,56.457536716607976,0.5,0.4
5,56,47.275120548395535,0.8,0.2
5,57,23.438383993151895,0.7,0.2
5,58,8.36956590747235,0.3,0.2
5,59,15.812628706831266,0.5,0.7
5,60,13.590964057438327,0.4,0.8
5,61,25.040351175623034,0.3,0.4
5,62,7.582757467437568,0.3,0.6
5,63,47.935312819204924,0.8,0.9
5,64,6.212213443066449,0.6,0.2
5,65,46.681500493842805,0.4,0.3
5,66,36.20418283503575,0.2,0.2
5,67,37.19892245831749,0.4,0.0
5,68,38.413220512996965,0.2,0.0
5,69,87.97596911858408,0.3,0.8
5,70,14.246214551968887,0.8,0.0
5,71,72.13801097390382,0.9,0.7
5,72,25.933060998321505,0.6,0.2
5,73,9.822628634622857,0.6,0.2
5,74,58.76391946417347,0.4,0.7
5,75,6.731956143494548,0.3,0.7
5,76,32.09907843221486,0.5,0.1
5,77,14.400755652312471,0.5,0.7
5,78,177.9774181805172,0.2,0.8
5,79,71.39214767084114,0.3,0.9
5,80,51.951294117238554,0.5,0.6
5,81,30.82594390535666,0.1,0.1
5,82,45.78183769836076,0.4,0.1
5,83,7.239389299083542,0.2,0.3
5,84,35.59881243274499,0.5,0.7
5,85,15.743369512323824,0.7,0.8
5,86,7.3990829819315875,0.1,0.2
5,87,43.68052737330891,0.0,0.8
5,88,28.36834076327124,0.2,0.6
5,89,17.42897846958352,0.2,0.3
5,90,7.265465273406755,0.7,0.6
5,91,14.096030935111033,0.2,0.8
5,92,8.225089474472881,0.6,0.8
5,93,13.693688503672492,0.1,0.7
5,94,42.488370937240575,0.0,0.2
5,95,23.542554110740202,0.6,0.6
5,96,30.180840099688808,0.7,0.2
6,96,66.87099313342115,0.5,0.7
6,97,84.27767408941862,0.5,0.2
6,98,62.176527896787455,0.9,0.1
6,99,13.237831112227331,0.1,0.1
6,100,12.402463712095182,0.8,0.8
6,1,0.12703135686279166,0.9,0.9
6,2,0.4317928974199132,0.4,0.4
6,3,1.6969138322787731,0.4,0.6
6,4,0.36156839153034226,0.8,0.7
6,5,1.4298635071084933,0.1,0.4
6,6,0.35718079928218927,0.2,0.1
6,7,1.1921372047403689,0.3,0.8
6,8,1.0314200861325225,0.3,0.2
6,9,1.6129470219738329,0.8,0.0
6,10,1.1331121834326807,0.6,0.4
6,11,2.332658452195533,0.5,0.2
6,12,3.010085297140209,0.3,0.0
6,13,2.975617184281326,0.4,0.0
6,14,4.256138552917015,0.6,0.3
6,15,1.6199976861582306,0.0,0.0
6,16,5.271830819499646,0.3,0.6
6,17,30.32753581646669,0.2,0.2
6,18,9.541253941271627,0.1,0.3
6,19,21.002680398592254,0.7,0.3
6,20,14.788187681991515,0.6,0.6
6,21,7.337587773345394,0.2,0.6
6,22,18.299989152116375,0.6,0.9
6,23,8.8114855461391,0.2,0.5
6,24,14.57417784066925,0.5,0.4
6,25,7.3457131517534275,0.0,0.9
6,26,18.935592380939383,0.9,0.8
6,27,7.510513732211057,0.7,0.3
6,28,25.372040416780063,0.7,0.0
6,29,3.8898136437406383,0.5,0.1
6,30,29.06471766788728,0.3,0.2
6,31,8.26041719925968,0.1,0.1
6,32,122.8449244847398,0.7,0.7
6,33,5.892689132023733,0.4,0.4
6,34,27.126370337603547,0.8,0.5
6,35,12.14168066931426,0.6,0.4
6,36,32.58101354582232,0.8,0.1
6,37,43.70341305183172,0.0,0.3
6,38,37.136506203092345,0.6,0.2
6,39,5.7946619597783755,0.7,0.6
6,40,9.892092457034018,0.1,0.1
6,41,16.656593843907487,0.3,0.8
6,42,21.479299141241167,0.3,0.7
6,43,9.23191969542749,0.5,0.7
6,44,47.61213910669692,0.1,0.3
6,45,32.74961132187207,0.4,0.7
6,46,47.778354168812115,0.5,0.6
6,47,31.274100178964424,0.0,0.6
6,48,46.955843312744115,0.0,0.2
6,49,33.322421722192765,0.8,0.5
6,50,5.195221112009511,0.3,0.6
6,51,61.31723624156696,0.7,0.1
6,52,16.465105164069175,0.4,0.1
6,53,59.748859470407616,0.0,0.7
6,54,24.375165338330394,0.2,0.4
6,55,24.778156727698278,0.1,0.4
6,56,74.76793599941197,0.3,0.4
6,57,244.13633800952536,0.3,0.9
6,58,63.15650043958814,0.9,0.9
6,59,29.771886435675846,0.5,0.4
6,60,5.966659729747875,0.6,0.7
6,61,7.887655533637393,0.7,0.1
6,62,6.155758208420867,0.7,0.4
6,63,11.14921658216402,0.1,0.5
6,64,13.712545768318655,0.2,0.1
6,65,37.34971959193135,0.1,0.0
6,66,27.455457408216805,0.5,0.3
6,67,52.739130642538186,0.0,0.0
6,68,30.07942232850123,0.9,0.0
6,69,51.52672066250157,0.3,0.9
6,70,72.60596943102416,0.7,0.5
6,71,25.47551803614959,0.2,0.3
6,72,40.43175322569876,0.1,0.3
6,73,22.675709074253927,0.6,0.2
6,74,25.756965646587297,0.7,0.7
6,75,19.12871792428789,0.0,0.8
6,76,15.700061035962882,0.9,0.7
6,77,10.97179975466751,0.0,0.9
6,78,51.36300137027923,0.8,0.8
6,79,77.70665176316638,0.2,0.3
6,80,98.42203178459096,0.1,0.1
6,81,186.5849943273417,0.8,0.2
6,82,28.396089899078735,0.3,0.7
6,83,22.87435966511418,0.7,0.0
6,84,15.739931426715062,0.2,0.3
6,85,8.60971008060591,0.2,0.4
6,86,6.9356147543620885,0.9,0.9
6,87,16.233740927616925,0.9,0.8
6,88,18.48553591257245,0.7,0.9
6,89,23.42194422119636,0.5,0.0
6,90,7.3165262021324455,0.9,0.4
6,91,17.704581630029367,0.5,0.2
6,92,11.479193404191093,0.9,0.1
6,93,15.007447597850469,0.1,0.2
6,94,51.07409694210788,0.5,0.9
6,95,23.884979625094644,0.6,0.7
7,95,19.857843879916995,0.6,0.5
7,96,27.699686624684823,0.4,0.7
7,97,56.964198603831754,0.4,0.8
7,98,33.26181083726483,0.8,0.4
7,99,30.640451259611964,0.9,0.4
7,100,6.705066491628784,0.4,0.8
7,1,0.14095568683379517,0.5,0.7
7,2,0.14442804450622365,0.7,0.2
7,3,0.2740845352767426,0.4,0.8
7,4,0.8579897823871744,0.4,0.4
7,5,0.31096005607829785,0.0,0.6
7,6,4.016159515920901,0.3,0.6
7,7,4.746438455332037,0.0,0.3
7,8,2.1816074539341073,0.4,0.7
7,9,1.4178358370967015,0.0,0.1
7,10,0.9208707957553575,0.1,0.8
7,11,9.449452723410534,0.0,0.0
7,12,1.5570583163946912,0.5,0.6
7,13,3.59607109741474,0.8,0.0
7,14,2.005012515975792,0.6,0.5
7,15,2.9800879046551962,0.9,0.8
7,16,2.112674717769772,0.7,0.6
7,17,1.7375653239220763,0.2,0.7
7,18,7.438860214526665,0.1,0.7
7,19,3.3805861003017026,0.9,0.4
7,20,17.63074825870496,0.4,0.7
7,21,31.42825829337131,0.8,0.7
7,22,18.29989340673589,0.9,0.2
7,23,20.36613365274466,0.4,0.1
7,24,10.867726721444264,0.5,0.0
7,25,7.313304539636691,0.2,0.5
7,26,8.809166255377825,0.7,0.7
7,27,7.45785612351534,0.4,0.4
7,28,21.160911811928745,0.8,0.4
7,29,15.344172773674151,0.1,0.0
7,30,12.219530322527605,0.9,0.1
7,31,7.874011453113524,0.3,0.4
7,32,27.46814128461209,0.2,0.8
7,33,12.468747217599768,0.7,0.3
7,34,5.426048050583562,0.4,0.8
7,35,15.535853139373742,0.7,0.8
7,36,28.192280124222947,0.7,0.0
7,37,13.115503310822964,0.1,0.6
7,38,14.162871647874665,0.0,0.8
7,39,57.326515735364985,0.6,0.8
7,40,7.580604391859785,0.1,0.4
7,41,41.18661422468004,0.7,0.2
7,42,141.14427077736593,0.6,0.7
7,43,11.22964041749543,0.3,0.8
7,44,26.181938092003087,0.6,0.6
7,45,10.739476759963154,0.5,0.1
7,46,20.58217066879786,0.2,0.6
7,47,4.006782923887821,0.4,0.9
7,48,11.194910823080024,0.7,0.5
7,49,16.737684540316923,0.1,0.6
7,50,29.729291769452836,0.0,0.6
7,51,37.18989829883788,0.5,0.7
7,52,16.43248360092861,0.7,0.2
7,53,260.05402802155464,0.1,0.6
7,54,10.849349490143943,0.3,0.3
7,55,7.98494384651531,0.3,0.0
7,56,12.73650152120037,0.5,0.6
7,57,16.160150868474567,0.5,0.9
7,58,25.398556079817084,0.3,0.3
7,59,6.611098521477069,0.8,0.3
7,60,7.680863924927976,0.3,0.7
7,61,7.580009300217129,0.4,0.8
7,62,5.533025313190417,0.3,0.8
7,63,11.372129069885565,0.6,0.1
7,64,6.066326672789785,0.0,0.6
7,65,9.039775209791909,0.9,0.5
7,66,24.429600836516574,0.8,0.4
7,67,13.890913667447991,0.4,0.4
7,68,51.41546703043213,0.8,0.5
7,69,11.935937330400456,0.7,0.5
7,70,82.96422808340417,0.6,0.1
7,71,41.22355159853794,0.0,0.6
7,72,12.222992116923367,0.3,0.3
7,73,7.718838065014156,0.5,0.1
7,74,7.153615424712449,0.2,0.6
7,75,22.221690820636173,0.9,0.0
7,76,8.419790770057006,0.9,0.0
7,77,20.259112178004504,0.4,0.8
7,78,139.43438452852774,0.5,0.4
7,79,119.80874239591046,0.7,0.3
7,80,139.14498626257495,0.4,0.7
7,81,34.19258175049716,0.5,0.6
7,82,152.7897848200808,0.3,0.1
7,83,13.34471458026481,0.5,0.9
7,84,6.757140020682298,0.6,0.9
7,85,8.188004610281634,0.4,0.1
7,86,8.445165505021045,0.9,0.2
7,87,46.530434081756844,0.6,0.4
7,88,14.981811645415734,0.6,0.0
7,89,32.92699155531664,0.9,0.2
7,90,11.21234904683332,0.1,0.5
7,91,13.428764863238245,0.8,0.7
7,92,15.336528966391528,0.0,0.5
7,93,36.94277171276462,0.5,0.0
7,94,26.5298174956957,0.7,0.1
8,94,9.742453224119473,0.3,0.8
8,95,14.079240594535257,0.3,0.7
8,96,47.619530014928955,0.9,0.1
8,97,32.310481900316084,0.4,0.2
8,98,10.998768704685542,0.2,0.1
8,99,9.874108779570026,0.2,0.0
8,100,35.093688284864584,0.8,0.5
8,1,0.1603310651918384,0.1,0.1
8,2,0.8566616184960258,0.4,0.7
8,3,0.8590400428254401,0.6,0.2
8,4,0.33267183824246677,0.0,0.4
8,5,1.2503490446002004,0.2,0.0
8,6,0.5195120480090342,0.4,0.9
8,7,1.5255623712954736,0.5,0.6
8,8,0.6484484313658879,0.9,0.4
8,9,2.077100933344474,0.1,0.3
8,10,1.3994642587971706,0.9,0.7
8,11,5.547023288368962,0.5,0.4
8,12,1.6336433137912194,0.6,0.1
8,13,1.6840190753441773,0.8,0.6
8,14,1.447552153815881,0.8,0.8
8,15,3.494179276325729,0.4,0.6
8,16,26.61013647189232,0.1,0.4
8,17,10.078744896118346,0.1,0.7
8,18,21.064130620565038,0.0,0.6
8,19,7.197978436028319,0.4,0.6
8,20,9.682232665926914,0.1,0.6
8,21,15.278168893887484,0.4,0.2
8,22,6.325521005969976,0.6,0.9
8,23,15.732397461249542,0.6,0.3
8,24,29.176845541679143,0.4,0.7
8,25,10.715488318462047,0.4,0.1
8,26,7.390094620405574,0.3,0.5
8,27,4.383237640040788,0.7,0.8
8,28,5.162208064242472,0.1,0.7
8,29,7.2053408476773955,0.9,0.8
8,30,5.15436269862537,0.5,0.8
8,31,5.365052402776298,0.0,0.5
8,32,3.2678145058748003,0.1,0.3
8,33,65.770604300849,0.2,0.1
8,34,26.12233852831998,0.4,0.6
8,35,112.76734310983056,0.4,0.1
8,36,54.748813455610794,0.3,0.7
8,37,223.35100308492989,0.4,0.5
8,38,57.5038200117008,0.7,0.7
8,39,29.150440501730642,0.0,0.0
8,40,33.002507151443425,0.8,0.4
8,41,40.96246148059483,0.4,0.9
8,42,47.30981772899373,0.9,0.4
8,43,54.95293597261233,0.0,0.5
8,44,20.078185439106285,0.4,0.0
8,45,7.954302525611617,0.3,0.6
8,46,30.339400266067827,0.6,0.1
8,47,17.989040478757,0.3,0.7
8,48,55.192053153947654,0.5,0.3
8,49,54.92821338021904,0.7,0.3
8,50,88.29368280215147,0.4,0.7
8,51,18.287515410651725,0.9,0.6
8,52,427.792335071435,0.5,0.9
8,53,10.407346607712503,0.4,0.3
8,54,278.59532030093334,0.5,0.2
8,55,6.273106090614388,0.3,0.9
8,56,29.285459501274882,0.1,0.5
8,57,34.07089185709759,0.2,0.1
8,58,6.407363428447399,0.9,0.2
8,59,7.181326757809088,0.0,0.0
8,60,23.985622464967836,0.6,0.3
8,61,31.263048045691583,0.3,0.6
8,62,22.87732697992524,0.2,0.4
8,63,17.06479718600432,0.0,0.2
8,64,17.136330094449704,0.3,0.7
8,65,15.308196288391603,0.3,0.1
8,66,34.034398933574984,0.0,0.3
8,67,21.759457840751235,0.7,0.9
8,68,10.97567839798397,0.8,0.0
8,69,23.886338245116818,0.7,0.1
8,70,9.665041764913694,0.4,0.9
8,71,37.39799881864646,0.7,0.7
8,72,22.18356466037392,0.6,0.3
8,73,10.850379478355496,0.9,0.9
8,74,14.115807024593108,0.3,0.1
8,75,40.37382840294063,0.4,0.6
8,76,23.007346079480563,0.9,0.2
8,77,34.35989088693801,0.1,0.3
8,78,18.63942508903318,0.8,0.2
8,79,46.53872844769142,0.8,0.4
8,80,135.30247594388544,0.2,0.3
8,81,15.73707893522691,0.0,0.0
8,82,187.02812369014302,0.9,0.6
8,83,32.436713005181055,0.5,0.0
8,84,12.531266819266706,0.0,0.9
8,85,7.60992998299294,0.8,0.9
8,86,13.309985890256588,0.3,0.7
8,87,53.16205184729652,0.2,0.1
8,88,12.390713001253712,0.3,0.2
8,89,8.417588288408583,0.8,0.4
8,90,9.209813724387901,0.8,0.4
8,91,73.81189717504178,0.6,0.1
8,92,5.905219891079974,0.1,0.2
8,93,64.26240778227174,0.7,0.3
9,93,18.771892982462358,0.2,0.5
9,94,60.55334608237173,0.9,0.6
9,95,20.376463071865647,0.5,0.8
9,96,121.1226578977113,0.4,0.6
9,97,50.77810021671723,0.5,0.2
9,98,36.133389204911154,0.5,0.0
9,99,8.756138041272965,0.5,0.3
9,100,13.814315576137044,0.4,0.2
9,1,0.32620420190656135,0.9,0.0
9,2,0.3044793148384509,0.4,0.0
9,3,0.34179847620337944,0.8,0.9
9,4,0.44875952307239386,0.7,0.0
9,5,0.8665264613403831,0.5,0.5
9,6,0.9241323901883318,0.3,0.2
9,7,0.6349264052130166,0.8,0.8
9,8,0.704360158352595,0.9,0.7
9,9,1.2789699856886612,0.0,0.1
9,10,2.3273261657825293,0.3,0.5
9,11,2.6205688959034967,0.1,0.3
9,12,21.795586702133896,0.9,0.9
9,13,4.537975038160827,0.3,0.1
9,14,8.869860925508425,0.4,0.0
9,15,3.0716282379514794,0.9,0.2
9,16,5.432480580852923,0.3,0.1
9,17,15.790015967360034,0.5,0.4
9,18,10.456223194082337,0.5,0.9
9,19,30.503629465964543,0.6,0.7
9,20,29.791001310108143,0.3,0.2
9,21,90.45996714823836,0.0,0.9
9,22,25.193487427595297,0.2,0.8
9,23,34.55545271673937,0.1,0.2
9,24,10.695480204475828,0.0,0.5
9,25,7.575997059897689,0.4,0.2
9,26,2.1968104813964597,0.5,0.7
9,27,17.53001835572905,0.5,0.6
9,28,6.371510450945409,0.8,0.0
9,29,12.85232969604316,0.3,0.5
9,30,6.703922669085517,0.9,0.2
9,31,4.6735602761197095,0.9,0.4
9,32,10.223716438861025,0.0,0.5
9,33,17.336610020902015,0.6,0.4
9,34,13.682308448236874,0.0,0.1
9,35,45.8977675665141,0.1,0.0
9,36,12.6612416243019,0.9,0.1
9,37,53.62291871512597,0.5,0.5
9,38,58.65498305243187,0.5,0.1
9,39,12.94470783811803,0.3,0.9
9,40,27.77837232819765,0.1,0.6
9,41,44.98348409041649,0.7,0.9
9,42,368.2575132576263,0.2,0.8
9,43,56.52068170842284,0.5,0.8
9,44,6.306455364342459,0.2,0.1
9,45,10.639357153258427,0.4,0.2
9,46,18.579681998438936,0.7,0.4
9,47,13.03945695403584,0.7,0.6
9,48,38.681353794261426,0.7,0.8
9,49,18.435667527491685,0.0,0.6
9,50,62.45270187655287,0.0,0.1
9,51,152.04483546344042,0.0,0.3
9,52,28.925671604919764,0.1,0.1
9,53,72.19843576339626,0.7,0.7
9,54,47.05440948647666,0.3,0.3
9,55,66.05354786206944,0.0,0.0
9,56,8.360838459734097,0.0,0.9
9,57,11.074655441576953,0.8,0.3
9,58,3.83036993180262,0.9,0.5
9,59,7.111291778554144,0.6,0.9
9,60,6.249446062220817,0.7,0.5
9,61,19.243445930995524,0.8,0.0
9,62,9.683461010932144,0.2,0.3
9,63,16.54092053233717,0.9,0.5
9,64,76.1843395841994,0.6,0.2
9,65,21.803081672449395,0.7,0.3
9,66,51.259282427162574,0.9,0.2
9,67,13.305397547556154,0.8,0.7
9,68,29.69929668097374,0.5,0.4
9,69,168.49901471370586,0.6,0.8
9,70,51.957894312301946,0.4,0.5
9,71,16.370528593189068,0.9,0.5
9,72,8.692982750839484,0.0,0.4
9,73,33.32035696571411,0.1,0.3
9,74,7.883988677681288,0.7,0.2
9,75,50.832370898628255,0.6,0.3
9,76,103.3182599587028,0.4,0.6
9,77,143.13450424765207,0.9,0.5
9,78,45.59674476821088,0.7,0.6
9,79,161.40398804825713,0.6,0.5
9,80,31.998233945774913,0.1,0.5
9,81,154.7276882559991,0.5,0.4
9,82,45.80661612390221,0.9,0.5
9,83,61.242802792656995,0.4,0.0
9,84,18.573211409187927,0.9,0.2
9,85,4.6661601691836845,0.3,0.0
9,86,6.015399211420096,0.5,0.2
9,87,45.670509048443215,0.6,0.0
9,88,12.739330822588656,0.7,0.7
9,89,46.42716659311601,0.5,0.7
9,90,15.696275103732457,0.1,0.9
9,91,10.278779081218902,0.1,0.0
9,92,109.20376782625534,0.6,0.9
10,92,10.984671562223816,0.4,0.7
10,93,27.017842092060317,0.6,0.8
10,94,11.022443012918036,0.7,0.0
10,95,8.004565947036893,0.4,0.2
10,96,8.115538658920485,0.2,0.3
10,97,106.40585233696785,0.4,0.1
10,98,9.012473918817873,0.3,0.0
10,99,15.254443780727053,0.6,0.1
10,100,14.83810693403887,0.3,0.4
10,1,0.41834219222252655,0.1,0.5
10,2,0.22487947980489467,0.3,0.2
10,3,0.30743195073582086,0.5,0.5
10,4,0.31825036022869924,0.9,0.0
10,5,0.3866532411186465,0.5,0.3
10,6,0.5492818333707655,0.5,0.3
10,7,1.201261822860389,0.5,0.6
10,8,0.6196849787646248,0.6,0.6
10,9,2.672483631839673,0.6,0.4
10,10,1.2577113663572486,0.4,0.2
10,11,1.4921134868842805,0.2,0.9
10,12,1.6877848999889402,0.3,0.4
10,13,3.669664975242236,0.3,0.8
10,14,1.7330884541695517,0.0,0.8
10,15,5.7625889737596285,0.4,0.3
10,16,3.4341062252216816,0.8,0.8
10,17,29.225550035912544,0.0,0.9
10,18,75.76198328584212,0.5,0.8
10,19,9.003663958579784,0.5,0.7
10,20,12.89266415094891,0.1,0.4
10,21,13.401346841598087,0.5,0.6
10,22,33.45287770801398,0.3,0.5
10,23,21.550192511836173,0.7,0.9
10,24,22.698711902323687,0.6,0.9
10,25,37.33472983580988,0.2,0.9
10,26,5.861054936740577,0.9,0.9
10,27,6.1715151155864945,0.0,0.7
10,28,4.635425209272798,0.1,0.5
10,29,4.407579670308029,0.8,0.5
10,30,1.7340113872211926,0.4,0.1
10,31,2.324308353976802,0.0,0.5
10,32,9.57561076168015,0.6,0.2
10,33,13.191825852243463,0.6,0.8
10,34,59.87706090089648,0.7,0.9
10,35,40.32073591488695,0.6,0.5
10,36,32.97323684591442,0.8,0.6
10,37,12.792777446339848,0.3,0.2
10,38,22.74807828611913,0.2,0.6
10,39,204.95110624363994,0.5,0.9
10,40,14.425454987591554,0.6,0.1
10,41,141.93047677409172,0.5,0.1
10,42,48.04382809619244,0.5,0.5
10,43,4.333048089425249,0.3,0.2
10,44,13.131778199471556,0.3,0.0
10,45,46.55491336196213,0.5,0.8
10,46,84.9219810522865,0.8,0.8
10,47,24.678961821895605,0.3,0.9
10,48,20.047202345707316,0.1,0.3
10,49,114.52456657393758,0.4,0.7
10,50,50.638314366875264,0.0,0.8
10,51,21.537199324573457,0.2,0.2
10,52,29.556727866639317,0.6,0.6
10,53,144.44904351089846,0.5,0.7
10,54,65.90393242126682,0.3,0.5
10,55,10.432796167622726,0.9,0.8
10,56,61.88819409532442,0.6,0.6
10,57,6.532835741841756,0.6,0.5
10,58,25.20854199327656,0.5,0.5
10,59,9.692429701869578,0.3,0.3
10,60,33.281538660297,0.6,0.6
10,61,6.839653936310988,0.6,0.8
10,62,13.09520409864018,0.4,0.3
10,63,16.37581987855375,0.4,0.9
10,64,86.05191888124597,0.9,0.2
10,65,13.992244378004653,0.8,0.4
10,66,8.708374907329315,0.4,0.6
10,67,16.726362242096965,0.8,0.6
10,68,31.462491732086246,0.9,0.8
10,69,41.860290199828455,0.4,0.0
10,70,15.32026674830539,0.4,0.8
10,71,67.9759484366683,0.5,0.9
10,72,10.357057154878026,0.1,0.0
10,73,45.15276350347423,0.5,0.2
10,74,20.033387451006906,0.0,0.9
10,75,57.6895180423341,0.0,0.2
10,76,47.0656246615541,0.0,0.0
10,77,107.89470360906515,0.4,0.6
10,78,155.8982380184078,0.0,0.7
10,79,572.905152106798,0.8,0.4
10,80,280.48768003052294,0.2,0.7
10,81,31.468543960454337,0.0,0.9
10,82,33.005418097948315,0.9,0.5
10,83,6.91158217825039,0.5,0.6
10,84,17.25260110031138,0.2,0.8
10,85,5.658763987517237,0.9,0.1
10,86,5.216330302439207,0.1,0.1
10,87,11.230465700906908,0.7,0.8
10,88,13.051760497624247,0.4,0.6
10,89,6.896492924878343,0.8,0.4
10,90,9.258100070919156,0.5,0.4
10,91,6.11746111202784,0.9,0.5
11,91,15.787782313956706,0.3,0.8
11,92,10.737887908358994,0.9,0.3
11,93,12.871832912309113,0.3,0.5
11,94,27.64677315194325,0.8,0.6
11,95,13.343687636970838,0.7,0.7
11,96,26.519817319593752,0.6,0.6
11,97,10.306231776816162,0.5,0.8
11,98,26.76316775625728,0.4,0.6
11,99,9.821853198289217,0.3,0.5
11,100,19.954378673060113,0.1,0.6
11,1,0.07455050719916105,0.3,0.8
11,2,0.16574693688946407,0.4,0.6
11,3,0.30973749224790126,0.3,0.7
11,4,1.838409356830276,0.5,0.4
11,5,0.44964273321927417,0.0,0.4
11,6,1.3795910325046568,0.9,0.0
11,7,0.6101312217966923,0.1,0.6
11,8,0.7226835157298264,0.2,0.3
11,9,1.6023502379139016,0.7,0.9
11,10,8.680977485446611,0.3,0.1
11,11,20.627589362376646,0.3,0.8
11,12,5.700615928318184,0.8,0.2
11,13,2.3899385719269572,0.8,0.2
11,14,6.004728572135998,0.9,0.1
11,15,4.299554937033195,0.8,0.4
11,16,7.090114921428387,0.3,0.5
11,17,21.1607654770472,0.7,0.4
11,18,48.52899105842881,0.9,0.9
11,19,45.11957869560256,0.8,0.6
11,20,13.474737650494044,0.4,0.0
11,21,44.24245215927282,0.3,0.9
11,22,24.577664139116077,0.1,0.0
11,23,14.032248995409937,0.4,0.1
11,24,5.077103994822389,0.8,0.0
11,25,9.887137129526081,0.3,0.4
11,26,25.732569743462868,0.8,0.3
11,27,12.012017455947756,0.6,0.0
11,28,11.133711364623576,0.9,0.5
11,29,2.8538471604204276,0.3,0.2
11,30,2.867103136699656,0.4,0.9
11,31,3.495236311105583,0.6,0.5
11,32,13.622480011571653,0.1,0.3
11,33,42.21958553860816,0.6,0.9
11,34,11.83634061059139,0.3,0.1
11,35,38.25562241636098,0.5,0.9
11,36,58.64951476585669,0.9,0.7
11,37,15.058964201851067,0.9,0.9
11,38,16.403696446194267,0.4,0.7
11,39,11.511762848138286,0.4,0.8
11,40,142.54221807811788,0.8,0.4
11,41,28.355500680089445,0.3,0.0
11,42,31.317865905391344,0.1,0.3
11,43,10.845246733701849,0.2,0.1
11,44,39.63453321778109,0.5,0.8
11,45,55.01386417690982,0.2,0.4
11,46,7.319206162220793,0.2,0.8
11,47,45.196220808059884,0.8,0.0
11,48,25.885847684606873,0.7,0.2
11,49,22.56154553423499,0.4,0.7
11,50,145.97663109167317,0.4,0.0
11,51,693.7774865794054,0.1,0.7
11,52,211.76692784576798,0.6,0.8
11,53,51.44338076038153,0.7,0.1
11,54,103.96624954943212,0.8,0.5
11,55,64.01847598701306,0.4,0.7
11,56,21.494361806027577,0.0,0.7
11,57,19.413442055847007,0.3,0.8
11,58,14.879145053650817,0.9,0.5
11,59,15.195650308068041,0.1,0.3
11,60,20.655785013807236,0.6,0.0
11,61,7.4165091144607285,0.3,0.9
11,62,7.719266158958012,0.0,0.7
11,63,34.32129176892649,0.3,0.7
11,64,74.15827220383935,0.6,0.9
11,65,5.378064695135406,0.6,0.9
11,66,19.559537914988084,0.9,0.7
11,67,19.37940861484209,0.6,0.3
11,68,20.024140840205355,0.5,0.7
11,69,15.727501730380615,0.8,0.9
11,70,9.019127236892226,0.9,0.2
11,71,15.045022658901809,0.1,0.4
11,72,25.855410357569625,0.5,0.5
11,73,14.125348772281622,0.6,0.7
11,74,42.384826366104015,0.8,0.7
11,75,22.934830634416066,0.1,0.9
11,76,238.88035727871028,0.5,0.0
11,77,42.562692770033614,0.0,0.9
11,78,31.864822488843682,0.0,0.8
11,79,175.01653801288782,0.9,0.8
11,80,440.49803919337626,0.3,0.1
11,81,284.65444183541916,0.5,0.6
11,82,75.46496353864623,0.6,0.4
11,83,67.0045795085072,0.4,0.5
11,84,8.151918266756894,0.5,0.5
11,85,11.987568744451046,0.2,0.5
11,86,5.169730775720388,0.2,0.8
11,87,7.086886421576045,0.8,0.0
11,88,11.218390843475117,0.4,0.9
11,89,17.3129746868413,0.5,0.4
11,90,6.227940824490137,0.9,0.6
12,90,24.884478496967972,0.1,0.9
12,91,90.92077441711092,0.8,0.2
12,92,18.44583386715873,0.2,0.3
12,93,17.111041889790688,0.6,0.8
12,94,10.290786678932937,0.2,0.1
12,95,29.311716216950067,0.6,0.7
12,96,21.52831037912165,0.7,0.6
12,97,101.52149340069622,0.4,0.1
12,98,19.334427566230065,0.1,0.2
12,99,47.55208238621304,0.3,0.4
12,100,5.92846347256565,0.0,0.2
12,1,0.21272264941334584,0.8,0.0
12,2,0.2905129541070714,0.4,0.8
12,3,1.523644311411546,0.4,0.5
12,4,0.287396963070002,0.3,0.5
12,5,0.48080787507809697,0.9,0.4
12,6,0.5934677596589791,0.8,0.9
12,7,0.6957160946438851,0.3,0.8
12,8,4.222393380490155,0.0,0.6
12,9,1.3870808196389934,0.5,0.6
12,10,17.360173068162577,0.9,0.8
12,11,16.652690973585663,0.0,0.0
12,12,3.0170391440017776,0.1,0.3
12,13,7.770386326503282,0.7,0.3
12,14,8.800016716525842,0.2,0.6
12,15,3.5761158263839095,0.1,0.4
12,16,6.648273531647935,0.2,0.0
12,17,42.722067308725556,0.9,0.1
12,18,126.63547489394149,0.3,0.6
12,19,46.11919347213291,0.3,0.3
12,20,234.48421609292097,0.1,0.5
12,21,102.01587794197827,0.1,0.5
12,22,50.32050527326647,0.8,0.6
12,23,8.402921343106923,0.7,0.2
12,24,22.74753155426053,0.1,0.4
12,25,6.301837130024106,0.4,0.7
12,26,7.090604984231388,0.5,0.8
12,27,10.289681888376139,0.2,0.1
12,28,4.920361252476205,0.0,0.9
12,29,1.9533174212128963,0.0,0.4
12,30,16.60884866651071,0.5,0.5
12,31,4.778345540550207,0.6,0.4
12,32,4.3999454817564825,0.6,0.2
12,33,2.6376032736342507,0.1,0.3
12,34,37.99224556413958,0.4,0.3
12,35,13.075708278407067,0.2,0.6
12,36,17.975198483789697,0.6,0.6
12,37,23.23875643015961,0.3,0.8
12,38,53.03390609187846,0.5,0.8
12,39,24.78786126316776,0.5,0.5
12,40,167.69962449966204,0.2,0.9
12,41,112.41521101363111,0.7,0.4
12,42,39.21489169227743,0.1,0.4
12,43,12.118976205715983,0.6,0.0
12,44,49.90822892127976,0.4,0.8
12,45,32.00178800897349,0.5,0.1
12,46,96.65161579972948,0.5,0.5
12,47,31.624144951968916,0.4,0.9
12,48,22.421575408213624,0.2,0.8
12,49,59.05011669759819,0.2,0.2
12,50,55.49313917664837,0.1,0.5
12,51,34.74213492688425,0.8,0.0
12,52,51.595760395776715,0.7,0.4
12,53,43.49080039182165,0.4,0.7
12,54,677.9552137505237,0.4,0.9
12,55,29.444260167383668,0.3,0.1
12,56,103.32167854819109,0.5,0.6
12,57,7.035513352001911,0.2,0.5
12,58,32.72293512705865,0.2,0.4
12,59,61.203130247411984,0.4,0.8
12,60,19.69393244808901,0.8,0.8
12,61,51.25794200892232,0.1,0.3
12,62,14.496505509833696,0.8,0.6
12,63,41.41483120315725,0.6,0.6
12,64,11.218287313550933,0.2,0.6
12,65,13.387973086037311,0.8,0.4
12,66,6.72886388288716,0.9,0.1
12,67,35.041975187193934,0.0,0.6
12,68,9.154583019127953,0.7,0.9
12,69,11.952189607650979,0.1,0.7
12,70,14.71630254502985,0.6,0.5
12,71,22.38458328018909,0.2,0.1
12,72,31.69962828934686,0.5,0.7
12,73,93.41873459801245,0.6,0.0
12,74,80.4422945563072,0.8,0.9
12,75,34.406515794092314,0.1,0.1
12,76,44.270863643000325,0.9,0.6
12,77,162.60582991509054,0.2,0.7
12,78,180.09998413256423,0.9,0.6
12,79,134.51153138637613,0.1,0.0
12,80,53.27127736973783,0.0,0.1
12,81,34.48144950059528,0.5,0.5
12,82,37.26583025160071,0.9,0.3
12,83,97.50584802424582,0.0,0.1
12,84,20.208678788804384,0.1,0.3
12,85,9.909360843730912,0.3,0.2
12,86,5.470616053909512,0.2,0.4
12,87,5.793560609440649,0.4,0.6
12,88,11.784139342060756,0.0,0.5
12,89,6.919892905940999,0.1,0.1
13,89,15.680070917418165,0.9,0.5
13,90,74.02478906245732,0.3,0.6
13,91,17.004540804570144,0.5,0.3
13,92,13.274256210228723,0.8,0.7
13,93,16.09701124530553,0.6,0.1
13,94,73.43967473568358,0.7,0.7
13,95,16.27515176258336,0.5,0.8
13,96,11.838753276253028,0.5,0.3
13,97,19.869971209113146,0.6,0.7
13,98,14.098596353944044,0.0,0.5
13,99,20.667202381867444,0.0,0.2
13,100,10.345780647329203,0.3,0.8
13,1,0.06366400902506912,0.9,0.5
13,2,0.14079467190501377,0.8,0.3
13,3,0.3281745205895968,0.4,0.4
13,4,0.4010946945569547,0.5,0.7
13,5,1.268826523014566,0.4,0.7
13,6,0.3800585160987415,0.4,0.8
13,7,1.8317230688631971,0.7,0.6
13,8,0.757660306650906,0.6,0.3
13,9,1.3213348214951184,0.4,0.4
13,10,4.528190124696975,0.2,0.1
13,11,5.139910757082766,0.6,0.6
13,12,2.6123429720371933,0.5,0.3
13,13,1.9151898396628695,0.1,0.9
13,14,1.5644797607609697,0.3,0.5
13,15,6.246177519223158,0.1,0.3
13,16,3.617107755518939,0.5,0.8
13,17,38.64568131087503,0.8,0.9
13,18,36.84975447210353,0.6,0.6
13,19,72.66489124422351,0.0,0.8
13,20,8.87294787634366,0.6,0.1
13,21,37.531755029962326,0.9,0.6
13,22,10.375970246924647,0.6,0.9
13,23,7.350119560590021,0.3,0.1
13,24,6.686102316507401,0.5,0.1
13,25,4.202560873000319,0.2,0.2
13,26,33.3216348924361,0.3,0.1
13,27,7.312917883201493,0.7,0.6
13,28,16.09279111378145,0.0,0.2
13,29,9.880058994668905,0.2,0.5
13,30,6.55882523947767,0.1,0.3
13,31,3.300116185049811,0.7,0.6
13,32,6.902439481646171,0.7,0.9
13,33,12.08871305666163,0.2,0.2
13,34,4.4755174451311355,0.9,0.2
13,35,21.74493066722686,0.5,0.1
13,36,13.91655952457362,0.4,0.4
13,37,98.77536848849054,0.5,0.7
13,38,122.03035903001083,0.2,0.5
13,39,53.33672557505215,0.2,0.5
13,40,69.9787705385519,0.2,0.4
13,41,26.080976126948112,0.2,0.3
13,42,39.73888757691869,0.7,0.8
13,43,112.99941690263026,0.7,0.2
13,44,27.394700789622917,0.3,0.5
13,45,44.86772374727994,0.7,0.1
13,46,50.772030393089416,0.5,0.0
13,47,14.309132070551852,0.4,0.0
13,48,50.99579423446797,0.6,0.6
13,49,726.6070907504728,0.2,0.6
13,50,47.15089070613507,0.2,0.9
13,51,214.02288829519193,0.8,0.9
13,52,297.84252937844906,0.8,0.9
13,53,60.82930762759918,0.2,0.0
13,54,509.59551267587085,0.9,0.0
13,55,18.35397315759503,0.8,0.2
13,56,7.637090860345768,0.9,0.8
13,57,5.622439859616398,0.5,0.7
13,58,17.390468345212103,0.6,0.2
13,59,24.022979464999292,0.2,0.1
13,60,32.70210491048479,0.4,0.2
13,61,83.86269184397302,0.3,0.6
13,62,14.45891251145582,0.7,0.7
13,63,23.92629660600053,0.3,0.7
13,64,9.751041250737773,0.0,0.3
13,65,4.952403160569407,0.9,0.7
13,66,4.622313295605035,0.8,0.8
13,67,6.476591892626809,0.9,0.9
13,68,29.948763188150632,0.3,0.2
13,69,93.15271305469354,0.0,0.7
13,70,4.933131150019544,0.3,0.5
13,71,17.8014916874092,0.6,0.5
13,72,5.9414907790204925,0.9,0.7
13,73,17.91339186154532,0.6,0.2
13,74,40.30433281791839,0.0,0.2
13,75,40.0619241091346,0.5,0.3
13,76,137.36377529781376,0.5,0.0
13,77,96.45537518384495,0.8,0.4
13,78,440.72993788181316,0.9,0.5
13,79,317.23689010238604,0.3,0.1
13,80,65.71004587215225,0.6,0.7
13,81,118.06907777929585,0.7,0.2
13,82,26.691390465518282,0.6,0.3
13,83,11.996755667623727,0.8,0.4
13,84,9.182571571402894,0.6,0.3
13,85,14.654683653899314,0.4,0.1
13,86,8.918948989260002,0.9,0.2
13,87,6.043081113464203,0.7,0.1
13,88,7.000841148005768,0.0,0.6
14,88,61.12493524396012,0.7,0.4
14,89,36.416456392173416,0.4,0.9
14,90,15.186390899980108,0.1,0.4
14,91,57.57663297202099,0.0,0.4
14,92,46.404308837058316,0.5,0.0
14,93,19.583228538551573,0.8,0.6
14,94,17.722665570997084,0.1,0.1
14,95,14.553044235013786,0.9,0.9
14,96,24.466686835610396,0.7,0.4
14,97,39.34047322105018,0.9,0.1
14,98,85.2263453052992,0.0,0.1
14,99,6.795134034717321,0.0,0.6
14,100,10.875940687466557,0.0,0.9
14,1,0.06858786481677151,0.6,0.3
14,2,0.36153951392451045,0.1,0.1
14,3,0.7504538706879531,0.4,0.5
14,4,0.4395499285955545,0.0,0.7
14,5,1.9402568584025763,0.0,0.2
14,6,0.610673540630266,0.7,0.9
14,7,0.5640372434463784,0.0,0.9
14,8,6.519680836449247,0.9,0.9
14,9,1.4685677632822447,0.5,0.4
14,10,6.694202291404871,0.4,0.8
14,11,8.733523535030404,0.9,0.6
14,12,22.623301191061394,0.9,0.3
14,13,15.753697385047378,0.9,0.9
14,14,10.209084152220038,0.7,0.2
14,15,11.11229963067958,0.5,0.1
14,16,5.520894242438054,0.6,0.9
14,17,29.907040776041217,0.5,0.5
14,18,30.35097099843089,0.1,0.8
14,19,12.55903169725123,0.4,0.8
14,20,10.565274120009073,0.2,0.7
14,21,7.831941324008052,0.2,0.0
14,22,12.102730401542228,0.9,0.7
14,23,6.866473809455411,0.3,0.5
14,24,4.291800275324705,0.2,0.9
14,25,14.854723609073705,0.0,0.0
14,26,4.997702948531346,0.1,0.0
14,27,2.335738152660667,0.4,0.4
14,28,3.0847175301721075,0.7,0.1
14,29,23.36959646660192,0.3,0.8
14,30,10.340216666117296,0.1,0.4
14,31,6.7021780427478,0.1,0.5
14,32,3.700045759452874,0.3,0.0
14,33,7.706402168777695,0.2,0.1
14,34,11.323202306078066,0.2,0.6
14,35,10.53066559694648,0.9,0.7
14,36,8.861179804443383,0.2,0.8
14,37,10.883523396540898,0.0,0.2
14,38,21.690204328361876,0.8,0.9
14,39,60.28614731174613,0.9,0.5
14,40,34.677410535199556,0.5,0.0
14,41,94.32329011011427,0.4,0.8
14,42,158.73082853293732,0.3,0.4
14,43,123.20499188072566,0.6,0.3
14,44,25.43083176713535,0.7,0.5
14,45,22.54004700206234,0.9,0.9
14,46,13.402991007686493,0.0,0.0
14,47,99.67548828327594,0.2,0.3
14,48,95.90536799949125,0.8,0.2
14,49,40.18623633229248,0.5,0.0
14,50,86.37673300261329,0.5,0.6
14,51,96.75391675978086,0.9,0.4
14,52,147.07911449855987,0.5,0.2
14,53,153.11453261269102,0.5,0.0
14,54,48.72807682048475,0.5,0.9
14,55,174.10299536318507,0.5,0.5
14,56,37.54879224373647,0.7,0.8
14,57,32.337594321371064,0.5,0.3
14,58,26.330250831157073,0.2,0.8
14,59,50.30978901282174,0.9,0.5
14,60,150.1961059037642,0.7,0.4
14,61,24.307557051888736,0.9,0.6
14,62,36.330019607933465,0.7,0.2
14,63,14.21463142650195,0.3,0.3
14,64,10.852168554311199,0.2,0.0
14,65,9.832676204263503,0.7,0.0
14,66,6.755845927677723,0.2,0.6
14,67,4.826571639369298,0.8,0.6
14,68,28.320548952404913,0.2,0.6
14,69,13.47434255849269,0.9,0.1
14,70,30.49802326510712,0.3,0.7
14,71,8.820179924698344,0.9,0.3
14,72,28.321558797804027,0.2,0.8
14,73,27.121702878076608,0.4,0.5
14,74,8.976024683790483,0.4,0.5
14,75,37.55094014771132,0.2,0.2
14,76,98.54756812994225,0.7,0.0
14,77,31.08772645461597,0.6,0.8
14,78,77.84445149999304,0.2,0.8
14,79,82.85594873169433,0.0,0.8
14,80,21.217776124691834,0.2,0.0
14,81,76.89870579113014,0.3,0.9
14,82,48.32640072832259,0.8,0.9
14,83,78.40583585080432,0.4,0.4
14,84,10.212593779995046,0.5,0.0
14,85,15.090780965560405,0.9,0.6
14,86,61.786550949542445,0.9,0.4
14,87,14.546134731090152,0.4,0.2
15,87,35.679722198358434,0.1,0.2
15,88,18.840547241472443,0.7,0.4
15,89,11.836001090912735,0.5,0.8
15,90,14.67635027750662,0.7,0.0
15,91,27.384501790532195,0.6,0.3
15,92,22.64861084919337,0.8,0.3
15,93,12.2762476291746,0.7,0.1
15,94,32.73093713355958,0.6,0.9
15,95,23.458596895619976,0.6,0.7
15,96,29.871249016500713,0.0,0.6
15,97,28.571713128169986,0.0,0.4
15,98,11.098421539960922,0.1,0.2
15,99,5.483023215083458,0.1,0.5
15,100,6.204945787439133,0.3,0.5
15,1,0.059114407991724766,0.2,0.9
15,2,0.19540398764758724,0.5,0.9
15,3,0.408049096887803,0.0,0.3
15,4,0.29404273120422203,0.5,0.3
15,5,0.3670881345271343,0.7,0.5
15,6,1.4539357079695854,0.8,0.2
15,7,0.8342577213806506,0.5,0.3
15,8,1.6517040996320966,0.5,0.6
15,9,2.686020611170567,0.2,0.1
15,10,1.3021652159024044,0.8,0.0
15,11,3.193396261491139,0.3,0.6
15,12,3.793603346027075,0.8,0.8
15,13,9.894440936074941,0.2,0.7
15,14,29.020406952168766,0.6,0.9
15,15,8.6942793426094,0.8,0.5
15,16,8.908809578835273,0.8,0.6
15,17,73.67089959734409,0.7,0.7
15,18,44.17186121153048,0.5,0.5
15,19,6.126978948562093,0.7,0.3
15,20,13.238837981744688,0.7,0.3
15,21,114.96366819123293,0.7,0.5
15,22,21.560419542247253,0.5,0.2
15,23,4.8463003512178515,0.8,0.4
15,24,12.22968301816974,0.0,0.3
15,25,40.53342637352253,0.6,0.2
15,26,12.40397652730863,0.0,0.7
15,27,3.14499556030993,0.9,0.5
15,28,2.1780483419067984,0.1,0.8
15,29,11.188896079753277,0.5,0.9
15,30,19.236296255555924,0.8,0.1
15,31,6.738842050861665,0.2,0.4
15,32,8.763647607033384,0.1,0.8
15,33,5.6061073357421485,0.3,0.7
15,34,4.633889000718812,0.7,0.5
15,35,4.54449524324803,0.0,0.4
15,36,6.436091439716711,0.5,0.0
15,37,7.630582561119769,0.8,0.0
15,38,27.75070652805156,0.8,0.0
15,39,217.19059845881281,0.7,0.9
15,40,57.02452193811574,0.4,0.5
15,41,72.48099727600078,0.9,0.8
15,42,56.499060323094795,0.1,0.0
15,43,36.36282266608966,0.8,0.9
15,44,40.68718174148696,0.9,0.0
15,45,24.650203582584112,0.1,0.9
15,46,24.591521891654825,0.7,0.1
15,47,41.228846261439855,0.4,0.5
15,48,23.941537180291874,0.2,0.4
15,49,343.62276726533236,0.1,0.9
15,50,75.0439106105475,0.8,0.4
15,51,1880.9001880408,0.0,0.6
15,52,542.8139204392489,0.0,0.0
15,53,229.12974269933756,0.7,0.8
15,54,194.65091231702166,0.6,0.1
15,55,121.57674675974955,0.9,0.4
15,56,9.972680442721643,0.6,0.5
15,57,26.083379574236233,0.0,0.1
15,58,26.782448219331894,0.1,0.9
15,59,533.6598210407802,0.1,0.1
15,60,24.60118203780827,0.0,0.5
15,61,23.183306670125884,0.5,0.6
15,62,13.097672693020005,0.6,0.6
15,63,24.645242380799772,0.7,0.8
15,64,27.54089579128174,0.3,0.2
15,65,5.525277482940604,0.1,0.8
15,66,19.410250706785135,0.6,0.0
15,67,10.502935727069243,0.8,0.6
15,68,8.469704877918137,0.1,0.6
15,69,40.97819236724779,0.9,0.3
15,70,14.52632774935233,0.4,0.9
15,71,22.982263413350864,0.1,0.0
15,72,9.155342242846334,0.1,0.2
15,73,16.949617585214096,0.7,0.5
15,74,12.041030588684716,0.4,0.3
15,75,74.60689575696735,0.5,0.6
15,76,127.75468110574198,0.1,0.1
15,77,230.39641471253586,0.1,0.8
15,78,93.03192317998302,0.7,0.7
15,79,137.45574852204135,0.8,0.4
15,80,83.15008119363398,0.8,0.8
15,81,22.724346425473357,0.0,0.8
15,82,38.510833898774656,0.5,0.5
15,83,24.660721998826137,0.2,0.6
15,84,5.071550972772623,0.6,0.9
15,85,8.655204861934742,0.2,0.2
15,86,5.255039206374084,0.2,0.3
16,86,7.990048518977122,0.6,0.5
16,87,21.522319628728592,0.3,0.5
16,88,23.90748183384543,0.2,0.8
16,89,22.294536604571242,0.9,0.6
16,90,8.367468524096715,0.3,0.3
16,91,38.83696043614709,0.8,0.4
16,92,36.26881345521805,0.7,0.8
16,93,20.346458065509054,0.9,0.1
16,94,8.757252961348058,0.0,0.3
16,95,31.366634447972345,0.5,0.0
16,96,34.07491376738545,0.7,0.2
16,97,11.11868383784188,0.0,0.5
16,98,6.859190229742483,0.1,0.2
16,99,5.8033752540064,0.1,0.2
16,100,5.596415851478121,0.5,0.6
16,1,0.07057837587049622,0.4,0.0
16,2,0.32338445971428653,0.6,0.0
16,3,0.6153857406337796,0.1,0.4
16,4,0.46990207609341933,0.2,0.7
16,5,0.3222387064864874,0.3,0.5
16,6,1.773644477754344,0.1,0.8
16,7,0.7824103758238776,0.2,0.0
16,8,2.0966590629131505,0.2,0.1
16,9,4.660722580514986,0.0,0.6
16,10,2.8165680178515524,0.3,0.2
16,11,10.525448828998542,0.4,0.5
16,12,2.387483697557837,0.5,0.8
16,13,26.866391554179796,0.2,0.7
16,14,13.135296458857184,0.3,0.2
16,15,31.82581776696734,0.8,0.3
16,16,19.43097249101554,0.2,0.4
16,17,23.242064383804276,0.9,0.7
16,18,55.77638414835949,0.9,0.4
16,19,5.402751406811215,0.6,0.0
16,20,34.425051316831215,0.0,0.6
16,21,3.3407560266196716,0.7,0.0
16,22,19.231897085779863,0.6,0.7
16,23,7.333752435345228,0.9,0.6
16,24,5.592264162647667,0.4,0.8
16,25,18.437541723855432,0.5,0.2
16,26,13.352124834548976,0.1,0.2
16,27,7.640417750296428,0.1,0.0
16,28,3.3604700968850936,0.3,0.9
16,29,8.052282503667605,0.2,0.6
16,30,8.269166703925059,0.3,0.1
16,31,8.040776862550782,0.3,0.4
16,32,11.531948393913536,0.8,0.4
16,33,4.8226412057222605,0.6,0.6
16,34,4.818428288739222,0.1,0.1
16,35,6.186878550342558,0.8,0.0
16,36,9.208657860980612,0.8,0.4
16,37,6.569815383874165,0.1,0.5
16,38,39.60615103590926,0.3,0.0
16,39,355.6506842428064,0.9,0.9
16,40,26.185429619534315,0.0,0.8
16,41,36.36912218371481,0.4,0.1
16,42,174.18284583199116,0.1,0.8
16,43,176.5129068471765,0.9,0.7
16,44,611.5982772461381,0.0,0.4
16,45,11.467981689099176,0.7,0.7
16,46,210.90613308767658,0.3,0.6
16,47,136.39192134719045,0.0,0.8
16,48,24.9216578665818,0.2,0.7
16,49,23.537076703498574,0.5,0.1
16,50,42.846597112423275,0.9,0.9
16,51,118.0598015802109,0.7,0.3
16,52,232.08381550431352,0.6,0.6
16,53,83.05988672897247,0.7,0.4
16,54,277.46349605462666,0.8,0.2
16,55,52.98618762466359,0.8,0.1
16,56,25.544875579210686,0.7,0.1
16,57,28.348920215375355,0.8,0.2
16,58,33.19009750265364,0.5,0.6
16,59,18.951415205224684,0.3,0.7
16,60,78.53011915496887,0.2,0.0
16,61,13.644825871749006,0.0,0.0
16,62,15.062976055432054,0.9,0.1
16,63,42.44714535828717,0.6,0.3
16,64,25.026228079968874,0.3,0.4
16,65,5.367587296621071,0.4,0.4
16,66,9.076313651723208,0.7,0.7
16,67,8.490126142086481,0.0,0.6
16,68,29.129719113040775,0.9,0.4
16,69,121.26951874210626,0.0,0.0
16,70,75.14318246843689,0.0,0.7
16,71,53.77845434759104,0.0,0.1
16,72,5.1932922835379465,0.0,0.8
16,73,5.7379828363573395,0.4,0.9
16,74,8.468023917269907,0.8,0.8
16,75,43.780909579768895,0.4,0.5
16,76,32.78094037489042,0.0,0.0
16,77,80.36719293478664,0.9,0.7
16,78,96.67565277310905,0.5,0.5
16,79,20.364259216940926,0.0,0.7
16,80,28.556061066282908,0.0,0.7
16,81,156.47564431129615,0.7,0.7
16,82,18.686089694586464,0.4,0.3
16,83,33.02611988986038,0.4,0.1
16,84,28.08335445656443,0.5,0.2
16,85,21.739501098639717,0.0,0.7
17,85,38.11992561186858,0.0,0.8
17,86,29.631172470212075,0.8,0.7
17,87,10.089885202932647,0.3,0.8
17,88,6.836604457554487,0.5,0.7
17,89,42.28865262269073,0.7,0.5
17,90,41.871759025207474,0.5,0.6
17,91,121.36484776865821,0.8,0.2
17,92,27.23927352125384,0.0,0.0
17,93,39.84937249923449,0.0,0.8
17,94,9.575326538517396,0.5,0.9
17,95,30.521767347423243,0.9,0.8
17,96,18.410498998314566,0.8,0.5
17,97,10.35056135259689,0.5,0.2
17,98,9.37884976191454,0.1,0.0
17,99,10.760946200992453,0.5,0.4
17,100,7.130525664583044,0.5,0.2
17,1,0.2379342773954839,0.3,0.2
17,2,0.11362395557556089,0.6,0.9
17,3,0.16480178247868782,0.6,0.2
17,4,0.25106328094795,0.5,0.1
17,5,0.3647101457403812,0.3,0.8
17,6,0.6778407475724563,0.8,0.6
17,7,1.5265121603283796,0.7,0.8
17,8,3.184114465116154,0.5,0.7
17,9,3.5384997125367037,0.0,0.4
17,10,2.3518857532893724,0.3,0.8
17,11,12.394666052302586,0.7,0.8
17,12,36.84738584751711,0.3,0.9
17,13,15.731765379220677,0.6,0.9
17,14,4.043602946409094,0.7,0.4
17,15,28.04225799593781,0.5,0.7
17,16,25.47875729930736,0.5,0.8
17,17,29.420678073765888,0.4,0.9
17,18,4.091923960884895,0.8,0.1
17,19,12.203761904878231,0.9,0.2
17,20,7.178407177256871,0.8,0.1
17,21,3.5503333329254145,0.7,0.6
17,22,55.406726721423254,0.1,0.4
17,23,10.068801509211506,0.6,0.6
17,24,11.26014656058118,0.6,0.4
17,25,20.609441425003773,0.2,0.2
17,26,19.63597546304127,0.9,0.2
17,27,4.925194915758852,0.9,0.6
17,28,3.23768069383928,0.0,0.2
17,29,7.256085416178422,0.0,0.2
17,30,10.290703035272289,0.1,0.5
17,31,4.617211420036499,0.9,0.8
17,32,5.840329828284035,0.8,0.7
17,33,7.110794174951035,0.1,0.6
17,34,26.014393601498792,0.1,0.1
17,35,17.058796279348766,0.0,0.5
17,36,8.62221911873792,0.0,0.0
17,37,12.436295443402846,0.4,0.7
17,38,49.559606433739106,0.2,0.6
17,39,58.39661157412673,0.3,0.6
17,40,55.55465500178678,0.7,0.7
17,41,29.10541551313306,0.6,0.1
17,42,115.7622922521544,0.3,0.5
17,43,38.95518560701102,0.6,0.3
17,44,103.26132021093767,0.7,0.5
17,45,22.24424508627973,0.5,0.7
17,46,108.54132886238996,0.3,0.9
17,47,48.13661631209065,0.3,0.4
17,48,24.777759764400212,0.3,0.7
17,49,87.43179947957002,0.0,0.8
17,50,209.3905643950925,0.6,0.5
17,51,121.35362908485675,0.5,0.0
17,52,106.70118321399043,0.5,0.8
17,53,473.3039395634019,0.2,0.5
17,54,375.83207134090793,0.5,0.2
17,55,213.5677088754695,0.9,0.0
17,56,70.27338856767032,0.7,0.3
17,57,77.72675070671505,0.3,0.9
17,58,63.71939800413213,0.5,0.3
17,59,34.98381305127988,0.8,0.7
17,60,345.17633844871466,0.2,0.1
17,61,9.495541114123903,0.3,0.5
17,62,31.277001259727193,0.1,0.2
17,63,10.385603562425175,0.6,0.3
17,64,56.1204801536818,0.7,0.4
17,65,10.56765974063357,0.4,0.7
17,66,10.677117620372533,0.0,0.9
17,67,15.882252894971572,0.1,0.3
17,68,25.829136263799075,0.2,0.2
17,69,13.742876126630744,0.6,0.4
17,70,28.25464675197128,0.2,0.9
17,71,19.429351055552996,0.6,0.2
17,72,9.097712658343003,0.3,0.9
17,73,7.4213865571597015,0.1,0.9
17,74,13.801809097350922,0.9,0.2
17,75,94.55741152312258,0.5,0.2
17,76,25.958533202960243,0.6,0.3
17,77,143.26787521822257,0.4,0.8
17,78,10.315395090765936,0.4,0.4
17,79,49.169907417735374,0.6,0.8
17,80,55.32319754387872,0.0,0.5
17,81,8.8315415331649,0.5,0.2
17,82,21.46051673031101,0.0,0.1
17,83,6.940947254617264,0.7,0.3
17,84,8.456657698759145,0.8,0.6
18,84,16.587213104127592,0.2,0.7
18,85,27.10439227361264,0.6,0.6
18,86,25.537567420867937,0.7,0.8
18,87,35.97531028670387,0.6,0.3
18,88,64.60130444310097,0.8,0.0
18,89,11.579162069066765,0.7,0.7
18,90,56.59823386782842,0.0,0.1
18,91,76.25194222638345,0.4,0.4
18,92,41.941102673569446,0.2,0.5
18,93,18.95843615628573,0.6,0.2
18,94,14.176683955957527,0.1,0.4
18,95,14.108223608729979,0.7,0.3
18,96,16.076058416889605,0.6,0.2
18,97,11.19257959190764,0.8,0.8
18,98,7.780034843868909,0.4,0.0
18,99,9.211779844198482,0.2,0.2
18,100,6.3634351169064765,0.8,0.3
18,1,0.11887769611081334,0.5,0.5
18,2,0.17511196835389076,0.1,0.3
18,3,1.0937981003008692,0.4,0.1
18,4,0.2960190871274266,0.7,0.8
18,5,0.41887061016465005,0.0,0.7
18,6,0.6040326315791759,0.8,0.3
18,7,1.596518866216701,0.1,0.1
18,8,3.1476618161370578,0.2,0.2
18,9,1.1726226293248994,0.6,0.2
18,10,4.118454976685539,0.5,0.5
18,11,6.310911234685291,0.0,0.9
18,12,6.233567671579277,0.7,0.2
18,13,30.131482978015264,0.8,0.0
18,14,39.39308592713685,0.4,0.8
18,15,12.699585513719963,0.9,0.9
18,16,36.04279445838024,0.2,0.8
18,17,19.803945023183612,0.8,0.3
18,18,18.286041519926332,0.8,0.1
18,19,2.9249497534471574,0.2,0.1
18,20,20.35479174616031,0.0,0.6
18,21,8.811661703034705,0.2,0.3
18,22,12.896323083662148,0.5,0.9
18,23,16.3106839152,0.4,0.8
18,24,10.03655724422284,0.2,0.2
18,25,9.505047011167216,0.1,0.6
18,26,7.584194607372146,0.9,0.4
18,27,2.1955248755446872,0.2,0.8
18,28,6.777342460117709,0.2,0.3
18,29,3.0557239403596808,0.6,0.9
18,30,12.737642384911464,0.7,0.5
18,31,8.618127227704358,0.8,0.7
18,32,16.431448134417035,0.1,0.4
18,33,9.604946593523245,0.5,0.6
18,34,7.9761102838544335,0.8,0.4
18,35,23.253284341441972,0.6,0.8
18,36,24.053187537949483,0.3,0.0
18,37,4.962715670291996,0.2,0.0
18,38,15.404440244528837,0.3,0.6
18,39,25.72513311722497,0.4,0.4
18,40,66.912012046077,0.2,0.6
18,41,62.93054559372323,0.4,0.9
18,42,481.7828701931339,0.5,0.5
18,43,238.46685167652316,0.5,0.1
18,44,34.257593980901426,0.7,0.1
18,45,92.31306580227906,0.8,0.7
18,46,14.189957657054649,0.1,0.4
18,47,40.527951563767274,0.4,0.2
18,48,57.53905540067118,0.7,0.1
18,49,188.66872116195336,0.4,0.3
18,50,180.4074277343659,0.9,0.4
18,51,43.89668108511027,0.3,0.3
18,52,386.9388768870919,0.7,0.6
18,53,75.36566984291589,0.8,0.4
18,54,93.64315253890211,0.3,0.2
18,55,67.93187361508805,0.6,0.6
18,56,63.32126208595709,0.4,0.0
18,57,130.02575593359293,0.7,0.7
18,58,91.37101422581516,0.0,0.4
18,59,63.4532906462891,0.1,0.3
18,60,96.3418949259794,0.9,0.8
18,61,23.68818129749666,0.3,0.0
18,62,16.904071325304542,0.9,0.7
18,63,74.9024617402262,0.0,0.7
18,64,12.51192582541529,0.4,0.6
18,65,31.334058742346848,0.7,0.7
18,66,16.335042821056973,0.2,0.4
18,67,38.45990511141474,0.1,0.9
18,68,17.537899138142127,0.0,0.2
18,69,38.33013388001776,0.1,0.8
18,70,4.452628866044882,0.7,0.1
18,71,5.532026480745517,0.3,0.7
18,72,5.269736565740588,0.0,0.4
18,73,8.874976749033458,0.8,0.5
18,74,9.922433362818754,0.3,0.9
18,75,20.594086293335053,0.6,0.5
18,76,33.56185917750433,0.9,0.0
18,77,5.718503996118606,0.1,0.9
18,78,10.172116584734685,0.8,0.3
18,79,48.06639162964861,0.6,0.1
18,80,29.960130499223187,0.1,0.8
18,81,16.256422843474198,0.3,0.1
18,82,24.360290220480678,0.2,0.5
18,83,9.728334723177975,0.7,0.0
19,83,10.133311178612981,0.2,0.6
19,84,5.211875173801524,0.0,0.6
19,85,12.961145758804093,0.5,0.5
19,86,6.353150681787852,0.4,0.1
19,87,11.63094860315938,0.0,0.2
19,88,12.663183372549765,0.8,0.2
19,89,22.57414005402643,0.1,0.6
19,90,16.412506186071532,0.8,0.5
19,91,38.70063936451749,0.3,0.5
19,92,14.549238935899018,0.3,0.8
19,93,6.686610996690719,0.0,0.7
19,94,10.1927043938539,0.0,0.3
19,95,42.215361017957456,0.1,0.2
19,96,8.232918094453757,0.9,0.9
19,97,12.812198726623524,0.8,0.4
19,98,7.024944809462601,0.8,0.3
19,99,7.319078593645341,0.1,0.5
19,100,11.44040635065759,0.9,0.3
19,1,0.10554752046534377,0.0,0.2
19,2,0.13838415547068306,0.8,0.6
19,3,0.1729948239713201,0.7,0.2
19,4,0.453958495783531,0.6,0.2
19,5,0.36081585286927986,0.8,0.0
19,6,0.3649411566921672,0.4,0.7
19,7,0.44110845687287753,0.8,0.7
19,8,0.9614163229542806,0.9,0.4
19,9,2.217855348910057,0.1,0.2
19,10,3.489876548338872,0.0,0.2
19,11,2.7462116726075214,0.8,0.1
19,12,4.0158945510682,0.2,0.2
19,13,4.734663630621547,0.5,0.0
19,14,15.458802702989871,0.4,0.6
19,15,9.295469722297229,0.2,0.2
19,16,6.147618288748577,0.3,0.1
19,17,2.9122566670072536,0.5,0.0
19,18,3.0472208782954198,0.6,0.2
19,19,38.711785937657154,0.7,0.8
19,20,2.9961473725293675,0.0,0.9
19,21,2.6594238550555995,0.8,0.6
19,22,4.658228882880088,0.2,0.1
19,23,14.014141359467306,0.5,0.9
19,24,45.45989963280119,0.0,0.2
19,25,4.98132338413572,0.9,0.6
19,26,14.973095795422436,0.6,0.5
19,27,6.660266191058711,0.6,0.4
19,28,2.630928551737886,0.9,0.3
19,29,2.5779652977988055,0.5,0.2
19,30,3.8715042161885656,0.8,0.1
19,31,4.957017201266137,0.4,0.7
19,32,6.653938482735175,0.5,0.2
19,33,7.229106270174993,0.3,0.0
19,34,4.671152129563185,0.4,0.8
19,35,19.469338508217696,0.8,0.6
19,36,10.316376215778348,0.7,0.9
19,37,9.07022901924876,0.2,0.3
19,38,37.18182911165827,0.0,0.4
19,39,32.63081771504956,0.6,0.3
19,40,307.85055839116154,0.0,0.4
19,41,51.45985412144188,0.6,0.4
19,42,175.92308655388535,0.4,0.5
19,43,241.74969647606986,0.4,0.8
19,44,71.12023478641478,0.8,0.3
19,45,12.274562570746955,0.5,0.9
19,46,28.271974820861924,0.4,0.6
19,47,20.764088969992226,0.7,0.7
19,48,17.34210348562115,0.9,0.4
19,49,60.321069453325286,0.1,0.3
19,50,121.31269139359397,0.0,0.5
19,51,14.116054445195571,0.9,0.3
19,52,354.4597151081717,0.8,0.5
19,53,449.8046288074727,0.0,0.6
19,54,234.50090075717893,0.4,0.4
19,55,154.33714178501748,0.8,0.6
19,56,103.95117958368702,0.9,0.6
19,57,65.43323566254116,0.3,0.4
19,58,39.85489639707407,0.4,0.2
19,59,25.5938853532948,0.5,0.0
19,60,15.982058073768888,0.1,0.0
19,61,14.085083060717299,0.7,0.7
19,62,31.051540217697116,0.7,0.7
19,63,56.669217566143764,0.1,0.7
19,64,7.174411672100783,0.2,0.6
19,65,15.843593107243445,0.5,0.7
19,66,17.124880001389446,0.7,0.1
19,67,10.389442590564299,0.4,0.5
19,68,71.88031663887146,0.5,0.4
19,69,14.49136213532685,0.4,0.9
19,70,21.90560436322707,0.9,0.4
19,71,7.065154493129119,0.2,0.4
19,72,9.514697245081596,0.0,0.5
19,73,8.70764338580143,0.1,0.9
19,74,16.846795625839025,0.3,0.2
19,75,40.041437878301814,0.8,0.7
19,76,16.82684618976128,0.1,0.6
19,77,12.895926172639726,0.2,0.0
19,78,21.993929779456927,0.7,0.0
19,79,16.44661833132956,0.0,0.2
19,80,8.225041069365096,0.7,0.5
19,81,12.580836044993086,0.4,0.0
19,82,8.241251120230658,0.9,0.7
20,82,27.75701405010764,0.1,0.2
20,83,13.70199473559159,0.0,0.7
20,84,18.66287119845803,0.8,0.3
20,85,6.358915036344401,0.5,0.0
20,86,12.911547804272777,0.5,0.1
20,87,8.728212730146286,0.1,0.9
20,88,11.749233448155536,0.7,0.6
20,89,6.509410074638397,0.6,0.0
20,90,12.408546794417425,0.6,0.6
20,91,36.96887015064221,0.5,0.8
20,92,19.879633559903766,0.8,0.3
20,93,19.21753642624918,0.0,0.3
20,94,44.037535483258154,0.5,0.2
20,95,44.94464301255307,0.3,0.9
20,96,35.14065882034675,0.6,0.6
20,97,13.801350689086053,0.2,0.3
20,98,12.036852095258,0.3,0.4
20,99,11.958092113728785,0.9,0.1
20,100,8.831699284759992,0.4,0.1
20,1,0.0687156212001322,0.7,0.5
20,2,0.27810446261099747,0.4,0.7
20,3,0.32350911643468094,0.1,0.7
20,4,0.21485580430123274,0.5,0.3
20,5,0.3843186512600685,0.7,0.0
20,6,0.3273381653925364,0.8,0.7
20,7,0.4185379069289095,0.9,0.7
20,8,1.4300377398445177,0.6,0.7
20,9,1.0423823440741828,0.0,0.7
20,10,3.6025612044482402,0.7,0.6
20,11,6.420769177748594,0.2,0.1
20,12,1.8208726602503242,0.1,0.9
20,13,11.533140212831356,0.9,0.3
20,14,1.2968642419953935,0.4,0.0
20,15,4.125372342484059,0.5,0.8
20,16,4.712763137739564,0.2,0.9
20,17,11.711234512966838,0.2,0.0
20,18,12.819228529399322,0.1,0.1
20,19,12.603611519874109,0.9,0.5
20,20,10.344264902341338,0.5,0.2
20,21,12.386831560994187,0.8,0.9
20,22,10.205632497443236,0.0,0.6
20,23,9.742063821888214,0.6,0.2
20,24,16.773396372595954,0.1,0.2
20,25,7.793467336199073,0.8,0.9
20,26,8.86934860913331,0.4,0.7
20,27,12.602316332537598,0.1,0.7
20,28,3.103112044461642,0.9,0.1
20,29,6.1076688129049055,0.2,0.5
20,30,6.194924141099168,0.6,0.7
20,31,3.141908200182841,0.4,0.5
20,32,9.905957368405318,0.9,0.6
20,33,6.102878529350993,0.9,0.1
20,34,12.838778481984942,0.5,0.7
20,35,8.730648045275597,0.6,0.5
20,36,5.169474919120598,0.6,0.3
20,37,11.001254689563686,0.6,0.8
20,38,7.767203454143592,0.1,0.6
20,39,97.8629948332534,0.5,0.6
20,40,66.80349376769162,0.6,0.7
20,41,48.82130733197586,0.9,0.2
20,42,86.96739615302995,0.3,0.9
20,43,148.61296215838783,0.5,0.6
20,44,25.30658016973087,0.0,0.0
20,45,24.212144717827513,0.4,0.0
20,46,57.135306284002866,0.5,0.5
20,47,89.50087121748872,0.6,0.7
20,48,63.807667893566354,0.7,0.5
20,49,166.38278041817097,0.2,0.3
20,50,282.42380732366394,0.7,0.0
20,51,209.7270628095223,0.0,0.3
20,52,600.1138570343442,0.1,0.2
20,53,391.2987702355755,0.8,0.4
20,54,303.5824170051102,0.0,0.3
20,55,213.31970999419661,0.3,0.4
20,56,88.36791553855637,0.3,0.1
20,57,179.5720432400458,0.0,0.6
20,58,22.285302892552235,0.4,0.4
20,59,23.289905496072652,0.3,0.2
20,60,179.87884724635984,0.2,0.7
20,61,86.7012401775656,0.6,0.3
20,62,45.91108907969976,0.8,0.2
20,63,43.59531477785795,0.4,0.8
20,64,63.42279999898176,0.3,0.6
20,65,12.837329928871368,0.5,0.4
20,66,83.87656864543564,0.5,0.3
20,67,22.495383983211333,0.2,0.3
20,68,53.194675081256484,0.2,0.8
20,69,8.85120672081216,0.6,0.8
20,70,10.571404777394253,0.2,0.0
20,71,5.279397006525175,0.9,0.1
20,72,8.594691350475221,0.4,0.6
20,73,5.709532881694969,0.9,0.3
20,74,13.451195977066174,0.6,0.7
20,75,13.876056139914857,0.7,0.3
20,76,36.12992574979425,0.7,0.9
20,77,46.476731538386964,0.0,0.3
20,78,7.583307005245249,0.8,0.6
20,79,36.20386694940336,0.7,0.2
20,80,48.53530304438996,0.3,0.2
20,81,17.39355985542083,0.7,0.2
21,81,30.463483026827568,0.3,0.0
21,82,77.064819415661,0.7,0.0
21,83,9.519584580175561,0.7,0.1
21,84,15.487446686684725,0.3,0.3
21,85,11.217901394455414,0.8,0.7
21,86,14.639744974019907,0.7,0.8
21,87,7.001081594221229,0.3,0.2
21,88,6.373572300634494,0.2,0.1
21,89,5.375873324396831,0.9,0.2
21,90,17.333508720421925,0.8,0.4
21,91,6.12433034609854,0.7,0.7
21,92,7.670313267864125,0.2,0.4
21,93,46.683564571804844,0.7,0.6
21,94,44.52827625538526,0.7,0.2
21,95,26.114780792555827,0.6,0.6
21,96,18.924291383638888,0.7,0.2
21,97,29.09103541490509,0.6,0.4
21,98,13.674417456407095,0.8,0.6
21,99,24.362637819081307,0.7,0.0
21,100,6.953629387052976,0.1,0.5
21,1,0.08974451322111088,0.5,0.8
21,2,0.8402761420105904,0.9,0.3
21,3,0.2628044005388112,0.9,0.0
21,4,0.27167217456832415,0.7,0.8
21,5,0.3103928902646728,0.8,0.2
21,6,0.48692424995169503,0.5,0.7
21,7,0.5179718876176711,0.3,0.4
21,8,0.9682872270523207,0.4,0.7
21,9,4.167748226107243,0.5,0.6
21,10,7.548093488945801,0.0,0.4
21,11,11.0515847201565,0.1,0.2
21,12,4.382656392538029,0.4,0.2
21,13,1.4145783729112884,0.5,0.5
21,14,23.226959188110072,0.9,0.1
21,15,3.0505772899073427,0.8,0.4
21,16,4.547479080654936,0.7,0.1
21,17,11.66161031606787,0.5,0.4
21,18,13.667438959299695,0.1,0.9
21,19,29.213985855279223,0.0,0.4
21,20,28.78191550516701,0.0,0.9
21,21,3.941465180688777,0.7,0.5
21,22,12.193299207575032,0.3,0.6
21,23,34.962613422489625,0.2,0.1
21,24,11.925479164258316,0.3,0.9
21,25,13.95728547703159,0.0,0.2
21,26,3.2378747994114923,0.4,0.0
21,27,2.245819131364428,0.1,0.3
21,28,1.6796832681019043,0.2,0.0
21,29,3.7920774909654966,0.9,0.1
21,30,4.427773921945675,0.8,0.0
21,31,10.946828120001413,0.0,0.8
21,32,20.818437621811775,0.4,0.7
21,33,47.654350533636624,0.2,0.2
21,34,49.92055209387291,0.3,0.4
21,35,9.007741186513964,0.0,0.0
21,36,7.4438999052418096,0.0,0.4
21,37,6.125394033973938,0.7,0.5
21,38,74.82592447999264,0.5,0.5
21,39,18.51339526685897,0.1,0.9
21,40,867.2485891336057,0.3,0.1
21,41,135.44046808149307,0.7,0.0
21,42,49.10920804623551,0.7,0.9
21,43,79.31501556914172,0.9,0.3
21,44,50.706120300437284,0.8,0.6
21,45,7.382155637482141,0.7,0.2
21,46,19.396559395201407,0.8,0.1
21,47,14.059773740721306,0.8,0.4
21,48,27.792608318394343,0.9,0.2
21,49,176.8766091321754,0.6,0.4
21,50,33.85056593290002,0.7,0.9
21,51,128.5920595551864,0.7,0.8
21,52,1348.3978813044748,0.3,0.4
21,53,390.55965776674344,0.3,0.7
21,54,594.8764351052494,0.6,0.2
21,55,901.4322281906262,0.1,0.6
21,56,114.39819874562477,0.0,0.7
21,57,26.528799669246155,0.4,0.1
21,58,27.620911440799357,0.5,0.3
21,59,70.03371013886655,0.1,0.6
21,60,28.12824535330995,0.4,0.3
21,61,30.743961139311747,0.3,0.8
21,62,32.72020243088493,0.1,0.2
21,63,35.18340663487851,0.4,0.4
21,64,38.35301293972286,0.6,0.9
21,65,73.84226211359234,0.2,0.3
21,66,38.10304941667843,0.7,0.5
21,67,45.10111902999011,0.7,0.7
21,68,52.91624865147837,0.1,0.7
21,69,12.161124409560923,0.4,0.8
21,70,31.896131076223412,0.9,0.1
21,71,10.361531711085432,0.7,0.3
21,72,14.517683623645228,0.1,0.5
21,73,9.406407507564008,0.3,0.9
21,74,23.044453633017255,0.9,0.8
21,75,25.42556510191735,0.3,0.9
21,76,13.312155303672043,0.4,0.2
21,77,9.677745267370243,0.4,0.4
21,78,47.76398257196294,0.3,0.0
21,79,9.944049228841742,0.5,0.9
21,80,51.42021960356362,0.3,0.6
22,80,80.23517011562234,0.2,0.1
22,81,37.975421205060954,0.6,0.1
22,82,67.76542180299275,0.4,0.4
22,83,15.472194925890458,0.3,0.5
22,84,8.482747877064865,0.3,0.7
22,85,5.314417110397479,0.3,0.1
22,86,6.089625011976068,0.8,0.4
22,87,5.187619503272292,0.1,0.9
22,88,7.342067297825087,0.0,0.5
22,89,17.014664106754207,0.7,0.9
22,90,12.637123474208568,0.8,0.8
22,91,7.599515036142137,0.8,0.0
22,92,6.161606228075668,0.7,0.2
22,93,42.118266533641666,0.5,0.5
22,94,45.43539567625254,0.6,0.8
22,95,46.05397446250556,0.3,0.8
22,96,26.63029054536268,0.1,0.3
22,97,46.01700741667196,0.8,0.9
22,98,5.878946160633425,0.6,0.8
22,99,10.787044046138902,0.3,0.5
22,100,16.08617275839622,0.4,0.2
22,1,0.09533375274442903,0.5,0.0
22,2,0.20017608905683137,0.4,0.6
22,3,0.22813207680345166,0.7,0.9
22,4,0.2259497930545834,0.0,0.7
22,5,0.2919337033574709,0.4,0.2
22,6,0.6242772564629012,0.2,0.7
22,7,1.1391259876848536,0.2,0.8
22,8,5.857047797036003,0.4,0.2
22,9,2.083734843127143,0.0,0.1
22,10,1.4652849213938646,0.2,0.1
22,11,2.4298083013976655,0.0,0.9
22,12,1.6600203313042485,0.1,0.7
22,13,4.072345714041179,0.4,0.5
22,14,14.897589103073186,0.2,0.8
22,15,4.771224126082937,0.8,0.7
22,16,8.805296496447161,0.6,0.1
22,17,1.9566403648450914,0.2,0.8
22,18,3.12495459505205,0.0,0.2
22,19,11.783059021961032,0.6,0.8
22,20,33.24516185373937,0.6,0.4
22,21,44.817484562618766,0.2,0.7
22,22,15.633415383227367,0.2,0.8
22,23,10.160128692429021,0.2,0.4
22,24,20.92430788149275,0.3,0.7
22,25,5.73900316535793,0.1,0.1
22,26,10.163579285837159,0.6,0.3
22,27,1.7561756014474432,0.5,0.8
22,28,2.505473669057888,0.0,0.0
22,29,2.1081115765372593,0.8,0.7
22,30,3.0567165048893004,0.0,0.6
22,31,4.8269183762022045,0.8,0.2
22,32,5.447937340252557,0.3,0.7
22,33,8.326044706380825,0.7,0.5
22,34,17.01334359971965,0.9,0.5
22,35,6.535934340543103,0.8,0.1
22,36,30.68798835171831,0.6,0.8
22,37,28.038626665163775,0.3,0.0
22,38,22.533266887162668,0.2,0.7
22,39,54.14942404776949,0.4,0.6
22,40,66.02588053980351,0.2,0.1
22,41,81.63120515287912,0.1,0.7
22,42,42.14604276857754,0.8,0.4
22,43,157.94746091197015,0.6,0.0
22,44,123.95546348843807,0.7,0.9
22,45,42.75737617899606,0.7,0.4
22,46,27.4746952211291,0.8,0.9
22,47,37.25170871128312,0.9,0.7
22,48,28.284806265020443,0.5,0.4
22,49,23.098614745111266,0.0,0.0
22,50,73.23618967918769,0.1,0.2
22,51,175.6927253591391,0.6,0.7
22,52,173.2217682817019,0.0,0.4
22,53,1173.265787057767,0.4,0.0
22,54,325.6130100947351,0.0,0.1
22,55,161.37170880361742,0.5,0.6
22,56,102.04148533020107,0.9,0.1
22,57,19.935378571731768,0.9,0.8
22,58,265.91566699811654,0.6,0.4
22,59,63.50777190848054,0.9,0.0
22,60,67.30329881425003,0.9,0.3
22,61,97.04300615305124,0.5,0.2
22,62,53.72404271360227,0.3,0.9
22,63,81.57751047717956,0.3,0.0
22,64,23.671787471065098,0.3,0.4
22,65,14.762778821757077,0.2,0.2
22,66,15.254158392641031,0.7,0.7
22,67,76.66683208375676,0.9,0.4
22,68,23.74267350745415,0.9,0.2
22,69,14.826182598853476,0.3,0.3
22,70,23.95364829797966,0.4,0.3
22,71,8.55562670024745,0.9,0.9
22,72,21.93739556690291,0.3,0.4
22,73,17.591564378233105,0.9,0.6
22,74,12.656753055938214,0.8,0.1
22,75,24.32952111825031,0.6,0.5
22,76,25.03289775793545,0.0,0.4
22,77,4.61228744464121,0.5,0.9
22,78,5.379453906450178,0.5,0.9
22,79,11.702767150402313,0.3,0.3
23,79,16.520350623447932,0.7,0.3
23,80,8.678594208121254,0.0,0.5
23,81,11.70467269398447,0.5,0.9
23,82,20.497435677855915,0.2,0.0
23,83,7.325628757999159,0.6,0.4
23,84,10.732486723929576,0.4,0.6
23,85,12.157670901297546,0.1,0.2
23,86,8.40802935331435,0.0,0.5
23,87,11.034400544792168,0.8,0.4
23,88,7.90531337032386,0.2,0.0
23,89,12.57201340821363,0.6,0.7
23,90,67.37472080653272,0.8,0.2
23,91,26.668036140179467,0.4,0.9
23,92,10.418615742225757,0.1,0.2
23,93,22.817614271717417,0.7,0.0
23,94,20.865036278183606,0.2,0.9
23,95,31.44573378558717,0.1,0.2
23,96,56.030214651940454,0.6,0.8
23,97,21.148060773018106,0.9,0.1
23,98,7.065482030151499,0.4,0.2
23,99,6.228718324486449,0.6,0.2
23,100,7.959097055805202,0.6,0.8
23,1,0.5486777670344267,0.5,0.9
23,2,0.16827957715831518,0.8,0.0
23,3,0.2867003545758865,0.2,0.0
23,4,0.9224893354519331,0.9,0.9
23,5,0.4925909488662149,0.0,0.7
23,6,0.5800667420892834,0.7,0.2
23,7,0.6098485590065303,0.5,0.3
23,8,2.8257310107783002,0.8,0.6
23,9,0.9483330346680869,0.5,0.3
23,10,3.5291404975673477,0.2,0.9
23,11,6.8888945727488755,0.4,0.4
23,12,5.286045638364776,0.5,0.9
23,13,3.442619230150106,0.2,0.0
23,14,19.37955698843254,0.8,0.6
23,15,14.127831744023537,0.7,0.0
23,16,6.4690949732493195,0.7,0.7
23,17,4.710751358324212,0.4,0.6
23,18,24.879369461514887,0.3,0.7
23,19,111.13939744345441,0.2,0.1
23,20,4.515216445382104,0.8,0.2
23,21,7.768679198849065,0.7,0.4
23,22,8.671647756340018,0.7,0.4
23,23,24.274101948797032,0.0,0.3
23,24,7.7978137897831425,0.5,0.1
23,25,2.8099355380989985,0.5,0.2
23,26,2.084443603705498,0.0,0.0
23,27,10.31527958164198,0.2,0.8
23,28,6.588059534476517,0.0,0.0
23,29,2.148530422918552,0.6,0.0
23,30,3.6512132440678307,0.6,0.6
23,31,2.100176017759334,0.4,0.7
23,32,7.370782477651298,0.2,0.4
23,33,10.731555522661852,0.3,0.8
23,34,9.344535073029515,0.9,0.7
23,35,5.0720556921898865,0.5,0.7
23,36,29.756799055635685,0.6,0.8
23,37,21.077624643175167,0.6,0.2
23,38,47.746586084893714,0.5,0.9
23,39,71.5432830778966,0.1,0.9
23,40,155.8354593831753,0.1,0.8
23,41,116.30155077105385,0.9,0.9
23,42,33.210848752527525,0.6,0.7
23,43,46.278283339347034,0.5,0.1
23,44,20.325206290565863,0.4,0.1
23,45,38.63317749651171,0.6,0.3
23,46,22.682276958289158,0.3,0.3
23,47,36.75582024594401,0.1,0.9
23,48,46.13371930096035,0.6,0.1
23,49,263.0503335727818,0.5,0.0
23,50,319.73512050898034,0.4,0.6
23,51,106.86490380272892,0.2,0.3
23,52,196.30301762826522,0.0,0.2
23,53,418.4700977346985,0.2,0.6
23,54,414.8743249528779,0.7,0.3
23,55,96.360052786176,0.7,0.3
23,56,55.58457783257448,0.1,0.2
23,57,43.90887453174021,0.5,0.4
23,58,31.64094785120876,0.1,0.3
23,59,19.98739083303582,0.3,0.3
23,60,128.38365432972398,0.3,0.5
23,61,69.80957804495257,0.9,0.1
23,62,55.87588434782147,0.3,0.5
23,63,621.7844704961105,0.4,0.6
23,64,29.04460718451771,0.1,0.1
23,65,331.8618284046045,0.6,0.2
23,66,27.395423302262607,0.4,0.6
23,67,35.48501342786411,0.7,0.6
23,68,11.759954919513078,0.3,0.8
23,69,8.65019819929246,0.5,0.2
23,70,8.828663968600948,0.5,0.4
23,71,100.81659809052914,0.8,0.2
23,72,11.382334375716542,0.7,0.1
23,73,23.087264167964875,0.3,0.2
23,74,18.031549919944016,0.3,0.8
23,75,9.573302224597473,0.3,0.0
23,76,15.96017146981981,0.7,0.0
23,77,5.251108255653824,0.5,0.0
23,78,8.88212777891537,0.9,0.6
24,78,7.6105234620777455,0.0,0.8
24,79,6.8877256307108965,0.9,0.6
24,80,23.232868482366815,0.2,0.5
24,81,15.799310104984038,0.2,0.6
24,82,5.986205855743579,0.7,0.1
24,83,60.20636883857873,0.3,0.3
24,84,5.553016955312161,0.3,0.9
24,85,5.665411920244607,0.3,0.3
24,86,5.68681103165782,0.5,0.5
24,87,6.026130629385332,0.6,0.4
24,88,35.232624246827555,0.4,0.7
24,89,20.684907324672412,0.1,0.5
24,90,17.14373732681582,0.5,0.7
24,91,16.10463521371832,0.7,0.3
24,92,30.67440524934135,0.8,0.5
24,93,33.74725910850502,0.2,0.0
24,94,65.35857989522523,0.5,0.4
24,95,28.821435153651052,0.3,0.9
24,96,61.07508451555793,0.0,0.4
24,97,21.253838974651114,0.8,0.3
24,98,26.127160467121357,0.0,0.7
24,99,8.05193257167939,0.3,0.5
24,100,11.534748272878122,0.9,0.3
24,1,0.07147804183653811,0.7,0.4
24,2,0.12776652985475173,0.0,0.1
24,3,0.28985097624534656,0.2,0.4
24,4,0.3351197861638081,0.1,0.9
24,5,0.9909441688058952,0.2,0.8
24,6,0.586467687676121,0.3,0.2
24,7,1.1455007342403882,0.8,0.4
24,8,1.3817737181486573,0.0,0.3
24,9,1.9026247785722572,0.5,0.8
24,10,1.2339772581284074,0.4,0.6
24,11,5.9281959817588605,0.7,0.6
24,12,9.645126200839238,0.0,0.4
24,13,5.688747979337484,0.9,0.5
24,14,5.581192513497462,0.9,0.4
24,15,4.876802003002183,0.1,0.5
24,16,5.8429109203105405,0.6,0.5
24,17,4.304990263916372,0.9,0.2
24,18,8.52075377100043,0.1,0.1
24,19,13.519967562888143,0.4,0.7
24,20,5.946267054467447,0.0,0.7
24,21,22.601650057096318,0.0,0.5
24,22,7.347154426363792,0.2,0.5
24,23,5.054103121942188,0.5,0.3
24,24,7.522164657354571,0.6,0.9
24,25,2.243730964043604,0.2,0.4
24,26,15.936737981867301,0.4,0.0
24,27,2.5106177403746694,0.7,0.2
24,28,9.438927498541203,0.2,0.2
24,29,2.105503607193435,0.2,0.1
24,30,3.2628990999171634,0.7,0.7
24,31,7.012866284887573,0.9,0.1
24,32,14.448136626253167,0.4,0.2
24,33,4.133529719474113,0.8,0.2
24,34,56.13005863918302,0.3,0.5
24,35,10.70820326880097,0.2,0.3
24,36,14.254273138652916,0.8,0.4
24,37,13.33342578178378,0.9,0.7
24,38,25.78352358342817,0.5,0.0
24,39,188.622505681486,0.3,0.5
24,40,127.52575474613862,0.0,0.6
24,41,105.65907798788288,0.4,0.0
24,42,186.07262980071584,0.1,0.4
24,43,69.0090508985965,0.3,0.5
24,44,58.61109954637059,0.2,0.7
24,45,27.96875540507888,0.5,0.3
24,46,48.19473791594445,0.0,0.9
24,47,34.705215806947514,0.5,0.6
24,48,37.36007864502836,0.8,0.0
24,49,92.88775580735057,0.7,0.9
24,50,484.17635089674235,0.9,0.6
24,51,215.2845640039411,0.5,0.2
24,52,197.418933401456,0.4,0.0
24,53,72.61710698144297,0.2,0.0
24,54,166.46342256232046,0.2,0.4
24,55,415.3271941724621,0.4,0.6
24,56,344.76188312148645,0.8,0.8
24,57,58.64736561038273,0.2,0.6
24,58,28.054983746569768,0.5,0.7
24,59,33.260217777286606,0.4,0.5
24,60,25.345555838469522,0.4,0.2
24,61,23.87554908666698,0.9,0.5
24,62,37.397174437799734,0.3,0.1
24,63,169.86005784132988,0.6,0.4
24,64,54.39259199291215,0.3,0.0
24,65,43.846189028380934,0.2,0.8
24,66,19.899955798515858,0.8,0.6
24,67,96.33524800675565,0.3,0.9
24,68,23.061948275795384,0.8,0.6
24,69,26.719111658996912,0.6,0.1
24,70,19.38559936409198,0.9,0.5
24,71,15.388727507629682,0.0,0.8
24,72,38.83916759111972,0.0,0.3
24,73,7.324346998772816,0.2,0.9
24,74,36.382787911992594,0.1,0.2
24,75,6.8362447792132635,0.9,0.0
24,76,7.262984849892715,0.7,0.9
24,77,6.886939436751455,0.5,0.8
25,77,31.16539785319511,0.8,0.5
25,78,22.407122696297524,0.0,0.9
25,79,6.16205711031825,0.9,0.6
25,80,39.26357799285071,0.3,0.6
25,81,16.324355885543675,0.0,0.2
25,82,10.549123331482805,0.4,0.2
25,83,31.06835878317651,0.9,0.6
25,84,9.169127518024693,0.9,0.5
25,85,19.838027896234067,0.9,0.0
25,86,10.414647810892749,0.3,0.6
25,87,6.77462445854779,0.1,0.3
25,88,12.229253052041713,0.5,0.0
25,89,58.243267505463244,0.4,0.8
25,90,20.15896610304733,0.6,0.7
25,91,39.463913295020475,0.7,0.7
25,92,33.02915139003897,0.1,0.3
25,93,31.370233706391154,0.1,0.5
25,94,27.280376509057998,0.9,0.4
25,95,28.082018888157048,0.1,0.1
25,96,29.589150911377164,0.8,0.0
25,97,5.7768925967718765,0.9,0.3
25,98,9.623587547290562,0.9,0.9
25,99,15.673114552361127,0.6,0.2
25,100,7.643658123297364,0.0,0.6
25,1,0.06761340542228145,0.9,0.0
25,2,0.17332377186298065,0.5,0.4
25,3,0.3583453676667645,0.8,0.9
25,4,1.052175578632113,0.4,0.7
25,5,0.2990533109828411,0.9,0.5
25,6,1.7752481718596893,0.4,0.5
25,7,0.6340964874576447,0.9,0.2
25,8,0.7975077353583785,0.9,0.4
25,9,2.6611563948425494,0.4,0.3
25,10,6.078636901538388,0.0,0.3
25,11,5.014780077434426,0.3,0.4
25,12,3.853212899753138,0.8,0.8
25,13,12.806156690659082,0.2,0.3
25,14,7.0691135324664325,0.1,0.7
25,15,15.77821305178986,0.9,0.8
25,16,7.117973268228285,0.9,0.7
25,17,4.31022453591908,0.9,0.3
25,18,5.087462957903859,0.7,0.7
25,19,9.42918945037762,0.3,0.0
25,20,22.160481871904718,0.5,0.7
25,21,13.256005016179596,0.5,0.0
25,22,84.38900953681119,0.0,0.0
25,23,2.974902139410481,0.0,0.4
25,24,2.285250626993733,0.6,0.2
25,25,4.829155575222417,0.1,0.6
25,26,16.786650145017205,0.7,0.7
25,27,16.82704442361559,0.2,0.4
25,28,2.6186613466021345,0.6,0.5
25,29,1.8920392206010777,0.2,0.4
25,30,6.86282805851613,0.0,0.8
25,31,2.479041925349431,0.0,0.4
25,32,25.587091469766154,0.5,0.8
25,33,2.3066416231420184,0.6,0.8
25,34,3.0699888709339525,0.0,0.8
25,35,23.283391245501253,0.8,0.8
25,36,25.00357025501409,0.7,0.5
25,37,52.92100195835966,0.2,0.6
25,38,9.437700304164327,0.6,0.0
25,39,48.534953837303775,0.4,0.2
25,40,336.8635760729268,0.1,0.1
25,41,152.57530826493806,0.9,0.0
25,42,21.751576639746535,0.1,0.9
25,43,15.853643048104253,0.6,0.4
25,44,37.75219038965716,0.6,0.8
25,45,9.296411761941574,0.0,0.2
25,46,37.43992399715586,0.4,0.1
25,47,35.943177400121336,0.6,0.9
25,48,58.32866866171387,0.6,0.1
25,49,254.57582449830667,0.1,0.9
25,50,108.6673740930137,0.6,0.0
25,51,124.40407436486585,0.5,0.2
25,52,37.89839733104296,0.9,0.1
25,53,218.7646376464967,0.1,0.7
25,54,109.02739643618683,0.2,0.5
25,55,99.47950998021564,0.2,0.9
25,56,385.6101928646691,0.9,0.5
25,57,126.65767862713284,0.2,0.6
25,58,20.72776876004714,0.7,0.6
25,59,24.220221928549396,0.3,0.5
25,60,68.23822101086792,0.9,0.6
25,61,163.29670138080485,0.0,0.4
25,62,12.843192516708504,0.9,0.7
25,63,383.5824845427453,0.4,0.4
25,64,70.87740585805432,0.9,0.7
25,65,16.11923568140699,0.5,0.8
25,66,13.523904651395458,0.8,0.5
25,67,41.17855352923399,0.7,0.3
25,68,12.371097885976907,0.1,0.5
25,69,8.231666217724733,0.5,0.7
25,70,13.885210893478554,0.0,0.1
25,71,36.80239841773466,0.6,0.3
25,72,16.48322251649851,0.8,0.9
25,73,5.559561173919898,0.4,0.1
25,74,5.963371116215563,0.2,0.8
25,75,14.948566679628444,0.8,0.9
25,76,10.512669646549709,0.3,0.7
26,76,9.899890253773846,0.6,0.9
26,77,10.328846944947776,0.9,0.7
26,78,61.256232793098576,0.8,0.3
26,79,32.672382369926346,0.0,0.6
26,80,10.916045230460117,0.6,0.2
26,81,36.03789031284821,0.2,0.0
26,82,31.01844712463225,0.0,0.4
26,83,23.08537853422336,0.7,0.6
26,84,9.622114197024061,0.1,0.4
26,85,6.934020796258832,0.1,0.9
26,86,9.991007681582792,0.2,0.1
26,87,12.960974964545326,0.8,0.4
26,88,19.883363885764094,0.8,0.2
26,89,90.34206413972386,0.5,0.8
26,90,38.28686680118538,0.6,0.2
26,91,125.68352593598962,0.9,0.7
26,92,15.988812104049693,0.7,0.8
26,93,29.522667921659163,0.0,0.6
26,94,10.061195140082955,0.1,0.1
26,95,59.69527095538245,0.4,0.9
26,96,95.61371581595058,0.8,0.3
26,97,17.95063301763746,0.9,0.6
26,98,13.892076215612871,0.8,0.8
26,99,7.8150275553733115,0.2,0.2
26,100,8.059671528460123,0.3,0.2
26,1,0.06620324093745726,0.1,0.1
26,2,0.20682340336518848,0.7,0.4
26,3,0.3921073384319545,0.7,0.6
26,4,0.23952165005236492,0.4,0.4
26,5,0.5033625917821685,0.3,0.7
26,6,0.7153068621173834,0.1,0.0
26,7,7.090120934372289,0.0,0.1
26,8,1.5059807258644786,0.1,0.6
26,9,5.1008279165082975,0.9,0.2
26,10,51.45025802943583,0.9,0.0
26,11,18.408174759521692,0.7,0.9
26,12,9.284482641232467,0.8,0.3
26,13,6.505931138556564,0.3,0.0
26,14,3.944032589669998,0.1,0.5
26,15,5.342126887863004,0.3,0.6
26,16,7.3857283060424015,0.8,0.1
26,17,16.93390447963702,0.3,0.7
26,18,13.06961360595416,0.7,0.0
26,19,22.637064217955885,0.6,0.2
26,20,30.755696062557302,0.3,0.3
26,21,23.64962883010178,0.5,0.6
26,22,4.523487903759964,0.0,0.9
26,23,3.580053045995702,0.8,0.0
26,24,3.9641436693655954,0.0,0.4
26,25,3.7923635676431777,0.0,0.3
26,26,38.386724107280166,0.2,0.2
26,27,2.612572145480879,0.6,0.9
26,28,4.753325218856002,0.4,0.1
26,29,1.8849651282360516,0.2,0.9
26,30,4.5061546445818,0.1,0.6
26,31,6.020331002656867,0.6,0.7
26,32,4.424851639740279,0.3,0.4
26,33,5.903900826074471,0.0,0.2
26,34,2.946536294316605,0.7,0.3
26,35,6.571136332026707,0.2,0.1
26,36,10.657025937047417,0.2,0.4
26,37,6.205354930874977,0.2,0.8
26,38,14.873720106937808,0.4,0.9
26,39,66.41860733596019,0.1,0.0
26,40,76.72418660137832,0.7,0.2
26,41,138.38659571976876,0.2,0.5
26,42,73.52823697801287,0.5,0.8
26,43,17.398461613304985,0.5,0.7
26,44,24.081972617059144,0.4,0.3
26,45,30.23401132984263,0.5,0.4
26,46,62.633091520046534,0.5,0.7
26,47,26.67666536785767,0.6,0.4
26,48,224.0469258546198,0.2,0.5
26,49,113.90453650331453,0.0,0.6
26,50,239.31532714577568,0.1,0.6
26,51,64.73236297784112,0.4,0.0
26,52,128.17238572634562,0.9,0.1
26,53,227.79410925942,0.5,0.6
26,54,1896.505815814709,0.0,0.9
26,55,918.979339660966,0.6,0.5
26,56,175.9930833349686,0.2,0.2
26,57,142.3250836666923,0.5,0.4
26,58,33.48484781386571,0.7,0.9
26,59,15.856110375447697,0.6,0.3
26,60,65.68356455974862,0.7,0.8
26,61,10.984739664494525,0.8,0.6
26,62,50.37526252557067,0.5,0.9
26,63,290.45893740755014,0.7,0.0
26,64,28.84486944060059,0.7,0.8
26,65,230.5899986893863,0.2,0.3
26,66,26.978365413619688,0.5,0.9
26,67,52.828883282195775,0.2,0.3
26,68,26.863839977947027,0.9,0.2
26,69,12.054554369603512,0.4,0.4
26,70,6.229201010187749,0.9,0.9
26,71,10.718671822635168,0.9,0.0
26,72,18.969269111413496,0.0,0.2
26,73,8.760536426230809,0.7,0.6
26,74,3.8541089593685234,0.5,0.6
26,75,5.375182251405718,0.3,0.6
27,75,88.02024701115367,0.8,0.4
27,76,15.502286006623843,0.3,0.9
27,77,53.97977886940376,0.6,0.8
27,78,35.52138325750269,0.8,0.1
27,79,23.62742113576286,0.1,0.5
27,80,15.569072767941863,0.8,0.6
27,81,25.512627470990747,0.5,0.9
27,82,47.76714998584728,0.5,0.9
27,83,43.934621408832605,0.0,0.2
27,84,120.00078927865975,0.0,0.8
27,85,9.317563290647144,0.9,0.6
27,86,5.015422136405917,0.8,0.2
27,87,38.761659827658505,0.8,0.1
27,88,13.848171228425487,0.5,0.0
27,89,44.661298783182836,0.9,0.9
27,90,256.123312656471,0.1,0.6
27,91,38.69586933801437,0.9,0.9
27,92,32.455712021101405,0.2,0.0
27,93,8.0936710349892,0.3,0.4
27,94,30.52499656080149,0.2,0.3
27,95,21.522887229216362,0.6,0.6
27,96,30.1889509994817,0.1,0.4
27,97,35.64462295500486,0.5,0.1
27,98,6.02332800199815,0.1,0.5
27,99,15.500163269787445,0.8,0.7
27,100,7.583828586689377,0.8,0.0
27,1,0.06586770220379987,0.3,0.3
27,2,0.1734085920522062,0.6,0.5
27,3,0.40201486903460365,0.4,0.9
27,4,0.257836047229858,0.6,0.0
27,5,0.3616391803584191,0.7,0.1
27,6,0.43346374603758836,0.7,0.8
27,7,0.9276356043261557,0.4,0.6
27,8,3.4374582407714387,0.8,0.0
27,9,5.869133778209859,0.5,0.8
27,10,1.6606664207366766,0.0,0.4
27,11,16.35581591604486,0.1,0.0
27,12,1.5223499714872921,0.1,0.0
27,13,10.427823143066682,0.6,0.7
27,14,2.420267119449217,0.9,0.4
27,15,1.4159477969688847,0.7,0.5
27,16,11.281623162868968,0.9,0.7
27,17,39.426706475639634,0.7,0.1
27,18,16.865490669740474,0.1,0.5
27,19,38.096984566050686,0.8,0.1
27,20,6.793822267959976,0.7,0.5
27,21,25.91284136580655,0.8,0.2
27,22,9.457536372864258,0.7,0.1
27,23,2.5036558194871676,0.4,0.6
27,24,2.396956352700297,0.9,0.9
27,25,3.0611368323995904,0.1,0.4
27,26,5.6022085861940845,0.5,0.4
27,27,4.115283946814358,0.2,0.1
27,28,2.1949611930120883,0.4,0.5
27,29,2.2490820985793127,0.9,0.1
27,30,6.898535494405183,0.6,0.0
27,31,1.9664891025858664,0.8,0.2
27,32,5.991262562808189,0.5,0.9
27,33,3.8768449233407107,0.2,0.2
27,34,33.26134534297488,0.1,0.6
27,35,9.953175651774727,0.1,0.9
27,36,15.738130589584099,0.5,0.3
27,37,5.307214662731022,0.3,0.2
27,38,23.327069015823373,0.1,0.5
27,39,111.77245364925076,0.2,0.0
27,40,41.0730774505275,0.0,0.9
27,41,207.48192816661896,0.1,0.7
27,42,65.00841410915108,0.5,0.0
27,43,17.780579620618372,0.8,0.8
27,44,72.99741837733241,0.6,0.5
27,45,10.119727773709585,0.4,0.1
27,46,11.723673780560764,0.3,0.3
27,47,92.74952583389718,0.2,0.4
27,48,139.47581994749032,0.1,0.3
27,49,198.5057360843314,0.7,0.8
27,50,85.02059241191263,0.6,0.5
27,51,359.2265576350569,0.7,0.9
27,52,46.94011866742319,0.3,0.1
27,53,284.3007158652096,0.0,0.3
27,54,114.48799673412685,0.5,0.6
27,55,354.73005139304144,0.3,0.4
27,56,332.20542064410273,0.2,0.5
27,57,108.9624314791693,0.5,0.9
27,58,53.28446671971401,0.3,0.0
27,59,138.34337087280028,0.4,0.5
27,60,104.93599417978828,0.7,0.4
27,61,134.8651940358575,0.1,0.9
27,62,56.211508207321096,0.8,0.2
27,63,510.40045026704354,0.2,0.3
27,64,71.88251745813001,0.9,0.7
27,65,16.773660845837327,0.5,0.2
27,66,11.739100340443343,0.2,0.4
27,67,12.108474709670416,0.5,0.7
27,68,8.827128978786345,0.7,0.5
27,69,10.144032930451543,0.5,0.0
27,70,37.54429553307847,0.2,0.2
27,71,85.56291822089457,0.9,0.0
27,72,60.32107172336587,0.3,0.2
27,73,113.64125013526936,0.9,0.4
27,74,33.35710099688912,0.4,0.8
28,74,11.73336169135097,0.3,0.1
28,75,6.8731247519421395,0.5,0.2
28,76,18.144695610350194,0.7,0.4
28,77,24.41812450542008,0.7,0.5
28,78,24.716677501949864,0.0,7.3
28,79,19.620989376067424,0.5,0.4
28,80,28.741523452285545,0.7,0.5
28,81,13.047090721934524,0.0,0.7
28,82,24.06439453196046,0.3,0.3
28,83,42.68978374615387,0.8,0.5
28,84,26.251537327547652,0.1,0.0
28,85,14.831617916359352,0.9,0.0
28,86,6.487491442211072,0.2,0.7
28,87,41.27225297292633,0.1,0.5
28,88,89.78599808458107,0.9,0.8
28,89,43.39815597211127,0.0,0.7
28,90,12.843649195482763,0.8,0.4
28,91,54.358050125815716,0.5,0.2
28,92,21.391895673075265,0.2,0.3
28,93,17.74563966775571,0.6,0.7
28,94,23.789284655827423,0.5,0.6
28,95,31.28331785421753,0.0,0.4
28,96,9.49656083433993,0.5,0.0
28,97,13.847798851607465,0.0,0.0
28,98,50.45110139397854,0.0,0.1
28,99,6.594124987179001,0.8,0.6
28,100,6.246643578331091,0.2,0.2
28,1,0.08072033494599154,0.9,0.0
28,2,0.11837728828378971,0.1,0.5
28,3,0.1880017340879515,0.7,0.3
28,4,0.22209072583094153,0.1,0.2
28,5,0.3634013680215201,0.6,0.1
28,6,0.33881349975528824,0.6,0.2
28,7,0.8170681312846714,0.5,0.6
28,8,0.7938568287365438,0.6,0.2
28,9,2.4890343033714837,0.2,0.4
28,10,2.635646418132474,0.8,0.1
28,11,5.949041959321664,0.2,0.6
28,12,6.0615083818322635,0.0,0.1
28,13,2.5273697211511355,0.2,0.1
28,14,14.14539361385555,0.9,0.6
28,15,2.383367712598048,0.8,0.1
28,16,16.35635624025315,0.1,0.2
28,17,48.10907382910314,0.7,0.5
28,18,23.429425278141597,0.6,0.7
28,19,13.325597051609504,0.1,0.9
28,20,12.462039141127644,0.0,0.9
28,21,6.413902803391977,0.0,0.0
28,22,8.13069972277993,0.0,0.5
28,23,3.5301028458120935,0.1,0.3
28,24,9.160317273059128,0.2,0.4
28,25,8.960334599721794,0.3,0.7
28,26,3.332608160095228,0.0,0.4
28,27,5.501419083141874,0.7,0.6
28,28,4.155143469065664,0.1,0.4
28,29,1.7949902723524676,0.3,0.9
28,30,7.570351165783021,0.4,0.3
28,31,2.9180727763800287,0.3,0.9
28,32,2.3162807226237416,0.1,0.0
28,33,4.391763406378667,0.7,0.1
28,34,9.094038059205628,0.8,0.5
28,35,4.3278850939777325,0.1,0.9
28,36,7.013550622917624,0.7,0.5
28,37,8.766893322523748,0.7,0.1
28,38,28.361471907366223,0.3,0.2
28,39,18.900748254664677,0.9,0.7
28,40,67.91232861577753,0.9,0.2
28,41,18.39503863003227,0.2,0.1
28,42,34.96474074652713,0.3,0.9
28,43,23.366318066134028,0.6,0.3
28,44,16.197799689497174,0.0,0.2
28,45,13.431386041670692,0.5,0.6
28,46,247.10702414998832,0.8,0.5
28,47,108.49978972370813,0.7,0.4
28,48,555.1103413227328,0.4,0.6
28,49,144.55092745856928,0.0,0.2
28,50,80.2618382055755,0.2,0.3
28,51,259.23882923002014,0.3,0.6
28,52,334.9646926995155,0.3,0.3
28,53,842.8061902655468,0.2,0.7
28,54,195.89678203908295,0.6,0.9
28,55,62.20786576703433,0.2,0.9
28,56,63.953312149358716,0.0,0.7
28,57,43.978023886413155,0.2,0.5
28,58,59.79396903660302,0.6,0.5
28,59,70.35709821122079,0.1,0.0
28,60,140.23135938782275,0.2,0.9
28,61,240.1943439115882,0.3,0.5
28,62,38.02490509447305,0.3,0.3
28,63,312.0001967414862,0.2,0.2
28,64,56.36114471382491,0.5,0.7
28,65,56.972341399048545,0.0,0.8
28,66,45.01570050409856,0.7,0.2
28,67,8.030315893029591,0.4,0.3
28,68,4.712198917803513,0.0,0.3
28,69,11.250222906408666,0.3,0.9
28,70,28.18085073906731,0.5,0.8
28,71,6.338732001915067,0.4,0.8
28,72,15.978042685388118,0.5,0.4
28,73,18.42418623621498,0.5,0.7
29,73,119.41559155263765,0.1,0.2
29,74,5.8515940267607816,0.4,0.5
29,75,32.27047850144535,0.5,0.7
29,76,14.536813687103164,0.0,0.2
29,77,144.65549787946134,0.2,0.2
29,78,8.924601240300708,0.2,0.7
29,79,18.35656981193818,0.4,0.8
29,80,42.89703545588805,0.6,0.1
29,81,20.326093173114803,0.0,0.3
29,82,26.777102308242572,0.7,0.4
29,83,64.49674105432959,0.4,0.2
29,84,18.004355782237436,0.5,0.9
29,85,43.9717037036969,0.8,0.6
29,86,79.09667535385762,0.8,0.1
29,87,118.69722425316796,0.3,0.8
29,88,78.75073071816307,0.9,0.6
29,89,25.384443878009666,0.6,0.2
29,90,39.6211284381191,0.6,0.2
29,91,14.895581046696778,0.2,0.3
29,92,10.648845833286343,0.9,0.1
29,93,10.292118636726562,0.3,0.3
29,94,12.386191111259114,0.7,0.3
29,95,12.408231345139308,0.2,0.8
29,96,12.5669974750715,0.2,0.3
29,97,15.88415218963393,0.8,0.0
29,98,10.389903583969838,0.9,0.2
29,99,8.746291045921422,0.2,0.1
29,100,11.304885763954683,0.3,0.4
29,1,0.0719034240430186,0.6,0.6
29,2,0.13905392422925164,0.0,0.6
29,3,0.18415681044207802,0.1,0.8
29,4,0.29367614528873104,0.9,0.9
29,5,0.46500946607290317,0.4,0.1
29,6,0.5639260917739842,0.9,0.3
29,7,0.5410443900202101,0.4,0.2
29,8,4.600196321724371,0.0,0.8
29,9,3.5020010067753122,0.7,0.2
29,10,2.4922356403705166,0.3,0.9
29,11,8.678806036094224,0.4,0.5
29,12,1.6590476970833292,0.3,0.7
29,13,1.8382516751251512,0.3,0.2
29,14,9.73526624015528,0.8,0.8
29,15,4.634462105939241,0.0,0.9
29,16,20.86720131292987,0.6,0.2
29,17,29.22710437567651,0.6,0.3
29,18,62.264857341627454,0.0,0.1
29,19,9.613109472535175,0.0,0.0
29,20,43.72925194468007,0.2,0.9
29,21,9.429425772327683,0.0,0.0
29,22,22.340029177167935,0.1,0.4
29,23,3.413872805420203,0.4,0.9
29,24,3.7310384649427393,0.7,0.4
29,25,5.6326400490378585,0.4,0.3
29,26,12.24151965443993,0.5,0.1
29,27,3.3893735107030394,0.2,0.1
29,28,1.7719204040405738,0.2,0.6
29,29,2.235511815210357,0.6,0.0
29,30,1.7189151122458122,0.5,0.2
29,31,2.825959627820348,0.3,0.4
29,32,2.604378536330994,0.7,0.8
29,33,4.193855166678984,0.5,0.8
29,34,5.574625582041001,0.1,0.0
29,35,10.0265244043509,0.6,0.5
29,36,7.8844235902035,0.7,0.6
29,37,6.839514067522556,0.2,0.8
29,38,4.56479377176218,0.7,0.0
29,39,81.95106521683373,0.4,0.6
29,40,21.165889743743023,0.2,0.2
29,41,53.333488396501224,0.8,0.7
29,42,39.193853121244196,0.7,0.2
29,43,19.339538719710056,0.4,0.3
29,44,19.402985627494978,0.4,0.1
29,45,175.9881968128107,0.8,0.1
29,46,78.02675363696349,0.6,0.1
29,47,103.8502660788949,0.5,0.4
29,48,7.666876969264061,0.9,0.1
29,49,636.6216296458073,0.6,0.7
29,50,213.613199944613,0.4,0.4
29,51,360.3148157105905,0.0,0.3
29,52,372.2867699832544,0.7,0.2
29,53,378.02819077502,0.2,0.2
29,54,108.83661916441781,0.1,0.4
29,55,166.17758466072624,0.5,0.8
29,56,152.26029312090722,0.8,0.9
29,57,26.109814017777335,0.7,0.9
29,58,152.25366146042788,0.7,0.7
29,59,308.97748076614334,0.2,0.2
29,60,129.27227210726622,0.4,0.6
29,61,152.17807728201518,0.6,0.1
29,62,195.3205339541095,0.2,0.0
29,63,158.45106573014212,0.4,0.2
29,64,47.79978232551217,0.0,0.7
29,65,59.0610819854117,0.3,0.6
29,66,61.85942160805452,0.5,0.3
29,67,12.111340381847407,0.6,0.3
29,68,7.891429001235832,0.6,0.8
29,69,13.921295713979067,0.6,0.2
29,70,13.67393881005301,0.0,0.5
29,71,41.2504616475407,0.9,0.2
29,72,24.406709308150013,0.6,0.0
30,72,8.57037641718106,0.1,0.9
30,73,16.378783174904328,0.1,0.6
30,74,47.59288316773212,0.2,0.0
30,75,5.822640616915168,0.7,0.5
30,76,37.00590258383525,0.9,0.7
30,77,9.54247167849014,0.4,0.9
30,78,12.088653731529902,0.4,0.3
30,79,13.370746334486055,0.1,0.8
30,80,7.131159338547224,0.2,0.1
30,81,41.34725704406637,0.5,0.7
30,82,32.31462974120875,0.0,0.8
30,83,38.51623505676376,0.2,0.1
30,84,8.212057820505574,0.7,0.1
30,85,86.46252142129245,0.2,0.7
30,86,25.11014905525828,0.5,0.7
30,87,82.88502290565229,0.4,0.9
30,88,61.39866083456014,0.5,0.4
30,89,132.65264202384049,0.6,0.8
30,90,12.640737690641906,0.1,0.1
30,91,25.143215258401018,0.4,0.2
30,92,27.766962414185983,0.3,0.8
30,93,26.74830267288307,0.7,0.1
30,94,59.69541505053143,0.2,0.9
30,95,23.005016416438128,0.8,0.2
30,96,8.066685556210103,0.2,0.0
30,97,23.689304214779565,0.7,0.0
30,98,32.15538797514323,0.7,0.3
30,99,10.536995858891013,0.3,0.2
30,100,6.4893360333913765,0.8,0.7
30,1,0.12421984707902363,0.8,0.2
30,2,0.11397381005271459,0.3,0.9
30,3,0.4043101254771175,0.8,0.4
30,4,0.2322750557452259,0.0,0.9
30,5,1.380762796713941,0.7,0.2
30,6,0.7625614476404861,0.7,0.0
30,7,1.4608591090777339,0.9,0.0
30,8,1.4263938272348866,0.2,0.0
30,9,1.3446124274976203,0.5,0.3
30,10,5.3660323199325575,0.7,0.0
30,11,8.512108778537245,0.4,0.7
30,12,9.093886836850677,0.3,0.6
30,13,2.1435545398376834,0.0,0.0
30,14,2.8697251588311063,0.2,0.1
30,15,11.986581313830868,0.3,0.1
30,16,56.707349830385795,0.8,0.4
30,17,283.1652246299187,0.8,0.8
30,18,125.62923402772505,0.3,0.7
30,19,38.0404945866632,0.7,0.7
30,20,21.571203671239342,0.0,0.5
30,21,1.951537326236565,0.8,0.5
30,22,4.030239254614348,0.1,0.7
30,23,3.5789674667986073,0.9,0.3
30,24,3.657741966993842,0.1,0.1
30,25,6.479793931502256,0.4,0.7
30,26,1.9223428556789968,0.4,0.3
30,27,1.5582381310135633,0.9,0.8
30,28,2.4682882383368567,0.9,0.7
30,29,2.512903167282381,0.2,0.9
30,30,2.4633674380285298,0.5,0.8
30,31,4.5523489511720605,0.0,0.3
30,32,14.496542839623102,0.9,0.9
30,33,4.160073557899402,0.5,0.0
30,34,2.6883894463033973,0.4,0.0
30,35,2.4310984919857472,0.8,0.3
30,36,3.5533555752555244,0.5,0.7
30,37,6.275139769208403,0.7,0.8
30,38,3.074041540636254,0.0,0.6
30,39,5.200844867374897,0.5,0.4
30,40,29.689903126532556,0.4,0.2
30,41,8.375859265526364,0.3,0.1
30,42,174.2609172942523,0.7,0.2
30,43,60.55482501514954,0.8,0.5
30,44,160.8305558594387,0.2,0.7
30,45,114.49799322809808,0.1,0.5
30,46,298.8494724812529,0.5,0.2
30,47,44.21178546660854,0.5,0.0
30,48,333.23998496612904,0.9,0.2
30,49,152.61054754029522,0.3,0.3
30,50,144.43457552910613,0.9,0.5
30,51,1072.6769282513023,0.1,0.3
30,52,275.15045277488963,0.6,0.5
30,53,63.33346566122409,0.3,0.7
30,54,159.4040630501449,0.1,0.3
30,55,68.94649219493881,0.5,0.2
30,56,45.89636362133746,0.5,0.1
30,57,539.8489761107841,0.0,0.3
30,58,29.976318758486656,0.4,0.6
30,59,153.5756168189571,0.8,0.2
30,60,43.184504513787765,0.2,0.4
30,61,147.47835661784893,0.8,0.3
30,62,155.93792779566482,0.2,0.5
30,63,94.60475407678243,0.3,0.1
30,64,31.341490113264953,0.0,0.9
30,65,103.7714554766689,0.2,0.0
30,66,14.459449569036376,0.3,0.9
30,67,7.3324664276495986,0.0,0.5
30,68,10.433024672421233,0.3,0.2
30,69,22.814220873257213,0.4,0.0
30,70,61.07407190251705,0.3,0.2
30,71,47.49463008406238,0.6,0.0
